idx	outcome	cause	test	rc	dur_s	sub_passed	sub_failed	metric	reason
1	PASS	ok	calibration::registry::covariance_and_interval_modes_map_to_registered_bands	0	0	1	0		
2	PASS	ok	calibration::registry::every_family_predictive_interval_is_registered_or_a_known_gap	0	0	1	0		
3	PASS	ok	calibration::registry::multinomial_payload_uncertainty_fields_are_all_registered	0	0	1	0		
4	PASS	ok	calibration::registry::multinomial_smooth_significance_fields_are_all_registered	0	0	1	0		
5	PASS	ok	calibration::registry::posterior_mean_payload_uncertainty_fields_are_all_registered	0	0	1	0		
6	PASS	ok	calibration::registry::predict_payload_uncertainty_fields_are_all_registered	0	0	1	0		
7	PASS	ok	calibration::registry::registry_is_internally_well_formed	0	0	1	0		
8	PASS	ok	calibration::registry::survival_predict_payload_uncertainty_fields_are_all_registered	0	0	1	0		
9	PASS	ok	factors::quality_vs_mgcv_thin_plate_by_factor::gam_thin_plate_by_factor_predict_replays_frozen_basis	0	0	1	0		
10	PASS	ok	factors::quality_vs_mgcv_thin_plate_by_factor::gam_thin_plate_by_factor_recovers_per_level_truth	0	1	1	0	edf=29.259 edf=29.455 rel_l2=0.0208 rel_l2=0.0132 	
11	PASS	ok	families::mgcv_defect_gumbls_second_predictor_response_se::second_predictor_response_se_is_not_a_recycled_scalar	0	3	1	0		
12	PASS	ok	families::quality_latent_cloglog_frailty_binary::gam_latent_cloglog_recovers_frailty_marginal_probability	0	203	1	0	edf=3.053 	
13	PASS	ok	families::quality_tweedie_dispersion_location_scale_1060::gam_tweedie_dispersion_location_scale_recovers_phi_surface	0	1	1	0		
14	PASS	ok	families::quality_vs_betareg_beta_logit::gam_beta_logit_recovers_smooth_truth	0	2	1	0	se_sd_bar=0.10557 rmse_truth=0.01852 rmse_truth=0.02195 	
15	PASS	ok	families::quality_vs_brute_force_loo_poisson_log::alo_loo_recovers_truth_and_matches_exact_brute_force_poisson_log_on_real_data	0	1	1	0		
16	PASS	ok	families::quality_vs_gamboostlss_gaussian_location_scale::gam_gaussian_location_scale_matches_gamboostlss	0	6	1	0	se_level=0.9387 nll=1.26608 nll=214975800119235608313856.00000 	
17	PASS	ok	families::quality_vs_gamlss_binomial_location_scale::gam_binomial_location_scale_real_data_timeout_case_rejects_before_optimizer	0	0	1	0		
18	PASS	ok	families::quality_vs_gamlss_binomial_location_scale::gam_binomial_location_scale_rejects_smooth_log_sigma_on_bernoulli_data	0	0	1	0		
19	PASS	ok	families::quality_vs_gamlss_crps_gaussian_location_scale::gam_gaussian_location_scale_crps_matches_gamlss	0	2	1	0	crps=0.09276 crps=0.08737 ess=1.0617 rmse=0.05248 rmse=0.00917 crps=0.09512 rmse=0.05549 rmse=0.01391 crps_pearson=0.96970 	
20	PASS	ok	families::quality_vs_gamlss_crps_gaussian_location_scale::gam_gaussian_location_scale_crps_matches_gamlss_on_real_data	0	2	1	0	crps=2.46865 crps=2.45784 	
21	PASS	ok	families::quality_vs_gamlss_custom_family_location_scale_gaussian::gam_custom_family_location_scale_matches_gamlss	0	1	1	0	rmse_to_truth=0.1460 rmse_to_truth=0.1463 rmse_to_truth=0.0750 rmse_to_truth=0.0750 rel_l2_mu_vs_gamlss=0.0006 	
22	PASS	ok	families::quality_vs_gamlss_custom_family_location_scale_gaussian::gam_custom_family_location_scale_matches_gamlss_on_real_data	0	6	1	0		
23	PASS	ok	families::quality_vs_gamlss_gamma_dispersion_location_scale_1060::gam_gamma_dispersion_location_scale_recovers_shape_surface_vs_gamlss	0	1	1	0		
24	PASS	ok	families::quality_vs_gamlss_gaussian_location_scale::gam_gaussian_location_scale_matches_gamlss	0	5	1	0	se_level=0.1322 	
25	PASS	ok	families::quality_vs_gamlss_gaussian_location_scale::gam_gaussian_location_scale_matches_gamlss_on_real_data	0	25	1	0		
26	PASS	ok	families::quality_vs_gamlss_gaussian_location_scale_by_group::gam_location_scale_by_group_matches_gamlss	0	9	1	0		
27	PASS	ok	families::quality_vs_gamlss_gaussian_location_scale_cyclic::gam_cyclic_location_scale_recovers_truth	0	31	1	0		
28	PASS	ok	families::quality_vs_gamlss_gaussian_location_scale_cyclic::gam_cyclic_location_scale_recovers_truth_above_the_fundamental	0	19	1	0		
29	PASS	ok	families::quality_vs_gamlss_gaussian_location_scale_cyclic::gam_cyclic_location_scale_recovers_truth_on_real_data	0	2	1	0	se_scale=8.5769 nll=2.1166 nll=2.1110 R2=0.9452 rel_l2=0.0051 rel_l2=0.1072 	
30	METRIC_OFF	quality_metric	families::quality_vs_gamlss_gaussian_multi_smooth::gam_gaussian_multi_smooth_matches_gamlss	101	4	0	1		thread 'families::quality_vs_gamlss_gaussian_multi_smooth::gam_gaussian_multi_smooth_matches_gamlss' (43380) panicked at tests/quality/families/quality_vs_gamlss_gaussian_multi_smooth.rs:360:5: :: gam mean surface less accurate than gamlss: gam RMSE_vs_truth(mu)=0.11606 > 1.10 * gamlss 0.10340
31	PASS	ok	families::quality_vs_hand_coded_beta_logit_negative_log_likelihood::beta_logit_custom_family_recovers_truth_and_generalises	0	0	1	0	rmse=0.0589 	
32	PASS	ok	families::quality_vs_inla_gaussian_smooth_posterior_mean::gam_smooth_predicts_heldout_lidar_at_least_as_well_as_inla	0	4	1	0	R2=0.9454 rmse_ratio=0.9963 	
33	PASS	ok	families::quality_vs_inla_gaussian_smooth_posterior_mean::gam_smooth_predicts_heldout_lidar_at_least_as_well_as_inla_on_real_data	0	4	1	0	R2=0.9324 rmse_ratio=0.9969 	
34	PASS	ok	families::quality_vs_interpret_ml_pygam_binomial_logit_comparative::gam_binomial_logit_holdout_predictive_quality	0	11	1	0		
35	PASS	ok	families::quality_vs_interpret_ml_pygam_binomial_logit_comparative::gam_binomial_logit_holdout_predictive_quality_on_real_data	0	5	1	0	nll=0.6215 auc=0.6989 nll=0.6211 nll=0.6213 nll=0.6211 	
36	PASS	ok	families::quality_vs_interpretml_ebm_binomial_logit::gam_binomial_logit_heldout_accuracy_beats_ebm	0	5	1	0	edf=3.032 	
37	PASS	ok	families::quality_vs_loo_psis_gaussian_smooth::gam_alo_is_honest_loo_predictive_error_on_lidar_on_real_data	0	4	1	0	edf=8.080 rmse=0.07016 	
38	PASS	ok	families::quality_vs_manual_mixture_link_logistic_probit_cloglog_blend::mixture_link_blend_matches_handcoded_reference	0	0	1	0	rel_l2=5.633e-17 pearson=1.000000000000 	
39	PASS	ok	families::quality_vs_mgcv_confidence_interval_gaussian_response_scale::response_scale_ci_is_calibrated_and_matches_or_beats_mgcv	0	38	1	0	rho_marginalized=0.9529 rho_marginalized_err=0.0029 rho_marginalized_strictly_wider=9000 rho_marginalized_narrower=0 	
40	PASS	ok	families::quality_vs_mgcv_confidence_interval_gaussian_se::gam_pointwise_ci_covers_truth_and_matches_mgcv_on_gaussian_smooth	0	3	1	0	se_rel_l2=0.02682 	
41	PASS	ok	families::quality_vs_mgcv_confidence_interval_gaussian_sweep_coverage::gam_confidence_interval_domain_averaged_coverage_hits_nominal	0	4	1	0		
42	METRIC_OFF	quality_metric	families::quality_vs_mgcv_gaulss_gaussian::gam_gaulss_linear_mean_smooth_sigma_predicts_lidar_at_least_as_well_as_mgcv	101	1	0	1	R2=-0.3769 rel_l2_vs_mgcv=0.8007 	thread 'families::quality_vs_mgcv_gaulss_gaussian::gam_gaulss_linear_mean_smooth_sigma_predicts_lidar_at_least_as_well_as_mgcv' (44656) panicked at tests/quality/families/quality_vs_mgcv_gaulss_gaussian.rs:283:5: :: gam's held-out mean explains too little of lidar's signal: test R^2=-0.3769 (floor 0.55)
43	PASS	ok	families::quality_vs_mgcv_gaussian_smooth::gam_smooth_predicts_lidar_better_than_baseline	0	2	1	0	R2_avg=0.9167 	
44	PASS	ok	families::quality_vs_mgcv_gaussian_smooth::gam_smooth_predicts_lidar_better_than_baseline_on_real_data	0	2	1	0	R2_avg=0.9266 	
45	PASS	ok	families::quality_vs_mgcv_high_leverage_gaussian_alo_stabilized::alo_stabilized_reml_is_bit_preserving_on_low_leverage_gaussian	0	1	1	0	rmse=0.0091 rmse=0.0611 rmse=0.0611 	
46	PASS	ok	families::quality_vs_mgcv_high_leverage_gaussian_alo_stabilized::alo_stabilized_reml_matches_or_beats_mgcv_on_high_leverage_gaussian	0	1	1	0	edf=8.177 edf=9.043 rmse=0.0141 rmse=0.0837 rmse=0.0866 	
47	TIMEOUT	per_test_bound	families::quality_vs_mgcv_poisson_tensor::gam_poisson_tensor_recovers_true_mean_surface	124	600	0	0	rmse_to_truth=0.184481 edf=9.458 rmse_to_truth=0.323429 edf=8.790 rmse_to_truth=0.361650 edf=10.313 rmse_to_truth=0.212237 edf=8.934 	exceeded the 600s per-case bound from .config/nextest.toml
48	METRIC_OFF	quality_metric	families::quality_vs_mgcv_poisson_tensor::gam_poisson_tensor_recovers_true_mean_surface_on_real_data	101	87	0	1	edf=1.000 edf=13.219 deviance 3.5443 	thread 'families::quality_vs_mgcv_poisson_tensor::gam_poisson_tensor_recovers_true_mean_surface_on_real_data' (45014) panicked at tests/quality/families/quality_vs_mgcv_poisson_tensor.rs:530:5: :: gam te(age,badh) held-out deviance 3.5443 did not beat the intercept-only null 3.5443 by a 3% margin
49	TIMEOUT	per_test_bound	families::quality_vs_mgcv_tensor_te_2d_binomial::gam_tensor_te_2d_binomial_logit_matches_mgcv	124	600	0	0		exceeded the 600s per-case bound from .config/nextest.toml
50	TIMEOUT	per_test_bound	families::quality_vs_mgcv_tensor_te_2d_gamma::gam_tensor_te_2d_gamma_matches_mgcv	124	600	0	0		exceeded the 600s per-case bound from .config/nextest.toml
51	PASS	ok	families::quality_vs_mgcv_tensor_te_2d_gamma::gam_tensor_te_2d_gamma_matches_mgcv_on_real_data	0	2	1	0	edf=3.956 edf=4.000 	
52	TIMEOUT	per_test_bound	families::quality_vs_mgcv_tensor_te_2d_tweedie::gam_tensor_te_2d_tweedie_matches_mgcv	124	600	0	0		exceeded the 600s per-case bound from .config/nextest.toml
53	PASS	ok	families::quality_vs_mgcv_tensor_te_3d_gaussian::gam_te_3d_recovers_nonadditive_surface	0	7	1	0	edf_total=47.934 edf=8.788 rmse_vs_truth=0.08334 rmse=0.01698 rmse=0.01698 rmse/range=0.00787 rel_l2_vs_mgcv=0.0004 	
54	METRIC_OFF	quality_metric	families::quality_vs_mgcv_tensor_ti_2d_gaussian::gam_ti_2d_interaction_recovers_truth	101	1	0	1	rmse_gam_vs_truth=0.03470 rmse_mgcv_vs_truth=0.02852 rmse=0.03470 	thread 'families::quality_vs_mgcv_tensor_ti_2d_gaussian::gam_ti_2d_interaction_recovers_truth' (45489) panicked at tests/quality/families/quality_vs_mgcv_tensor_ti_2d_gaussian.rs:288:5: :: gam fails to recover the true interaction surface: rmse=0.03470 > bar=0.03128 (= 0.025 * range 1.2513)
55	PASS	ok	families::quality_vs_mgcv_tensor_tp_2d_gaussian::gam_thin_plate_2d_matches_mgcv_gaussian	0	1	1	0	edf_total=9.991 rmse_vs_truth=0.03753 rmse_vs_truth=0.03986 rel_l2_gam_vs_mgcv=0.08202 	
56	PASS	ok	families::quality_vs_numpyro_nuts_poisson_loglink::gam_nuts_poisson_loglink_predicts_heldout_counts	0	22	1	0	edf=10.94 rhat=1.0000 ess=611.0 	
57	PASS	ok	families::quality_vs_properscoring_crps_gaussian_location_scale::gam_gaussian_location_scale_crps_matches_properscoring	0	2	1	0	crps=0.073861 	
58	PASS	ok	families::quality_vs_properscoring_crps_gaussian_location_scale::gam_gaussian_location_scale_crps_matches_properscoring_on_real_data	0	2	1	0	crps_naive=5.3299 crps=2.466066 	
59	PASS	ok	families::quality_vs_pymc_hmc_binomial_penalized_vs_unpenalized::gam_penalized_binomial_posterior_matches_pymc_and_concentrates_with_lambda	0	45	1	0	ess=1500 rmse_vs_truth=0.71521 ess=2394 rmse_vs_truth=0.56049 ess=2616 rmse_vs_truth=0.38895 rmse_vs_truth=0.72547 rmse_vs_truth=0.56156 rmse_vs_truth=0.39082 	
60	TIMEOUT	per_test_bound	families::quality_vs_pymc_hmc_binomial_penalized_vs_unpenalized::gam_penalized_binomial_posterior_matches_pymc_and_concentrates_with_lambda_on_real_data	124	600	0	0		exceeded the 600s per-case bound from .config/nextest.toml
61	PASS	ok	families::quality_vs_pymc_nuts_binomial_logit::gam_nuts_binomial_logit_recovers_truth_and_is_calibrated	0	486	1	0	rhat=1.0015 rhat=1.0018 	
62	TIMEOUT	per_test_bound	families::quality_vs_pymc_nuts_binomial_logit::gam_nuts_binomial_logit_recovers_truth_and_is_calibrated_on_real_data	124	600	0	0		exceeded the 600s per-case bound from .config/nextest.toml
63	PASS	ok	families::quality_vs_scipy_conjugate_gaussian_posterior::gam_nuts_posterior_matches_scipy_exact_conjugate_gaussian	0	1	1	0		
64	PASS	ok	families::quality_vs_scipy_johnsonsu_sas_link_transform_math::gam_sas_link_transform_matches_scipy_sinh_arcsinh_cdf	0	1	1	0		
65	PASS	ok	families::quality_vs_sklearn_binomial_logit::gam_binomial_logit_generalizes_on_heldout_prostate	0	3	1	0	edf=3.032 klearn=0.6909 klearn=-0.0297 klearn=0.0572 	
66	PASS	ok	families::quality_vs_sklearn_binomial_logit::gam_binomial_logit_generalizes_on_heldout_prostate_on_real_data	0	3	1	0	edf=3.032 klearn=0.6100 	
67	PASS	ok	families::quality_vs_sklearn_poisson_log::gam_poisson_log_recovers_truth	0	3	1	0	edf=4.685 	
68	PASS	ok	families::quality_vs_sklearn_poisson_log::gam_poisson_log_recovers_truth_on_real_data	0	2	1	0	edf=2.820 klearn_dev=3.3659 klearn=0.4513 	
69	PASS	ok	families::quality_vs_statsmodels_binomial_probit::gam_binomial_probit_recovers_truth	0	5	1	0	edf=4.911 	
70	PASS	ok	families::quality_vs_statsmodels_binomial_probit::gam_binomial_probit_recovers_truth_on_real_data	0	3	1	0	edf=3.174 auc=0.6896 auc=0.6881 logloss=0.6092 logloss=0.6138 	
71	PASS	ok	families::quality_vs_statsmodels_custom_family_poisson_loglink::custom_poisson_identity_link_recovers_truth_and_predicts	0	1	1	0		
72	PASS	ok	families::quality_vs_statsmodels_custom_family_poisson_loglink::custom_poisson_identity_link_recovers_truth_and_predicts_on_real_data	0	13	1	0	edf=2.820 	
73	PASS	ok	families::quality_vs_statsmodels_gamma_log::gam_gamma_log_matches_statsmodels	0	1	1	0	edf=5.096 se_sd=0.803 	
74	PASS	ok	families::quality_vs_statsmodels_gamma_log_coefficient_se::gamma_log_coefficient_se_matches_statsmodels_no_double_count	0	2	1	0		
75	METRIC_OFF	quality_metric	families::quality_vs_statsmodels_multinomial::multinomial_coefficient_covariance_equals_observed_information_inverse	101	0	0	1		thread 'families::quality_vs_statsmodels_multinomial::multinomial_coefficient_covariance_equals_observed_information_inverse' (46985) panicked at tests/quality/families/quality_vs_statsmodels_multinomial.rs:974:5: :: stored multinomial coefficient covariance does not match the observed-information inverse (max relative entrywise deviation 1.391e0 ≥ 5e-2): the joint covariance backing the #1101 p
76	PASS	ok	families::quality_vs_statsmodels_multinomial::multinomial_logit_recovers_true_softmax_and_beats_statsmodels	0	1	1	0	logloss=1.12624 logloss=1.06701 logloss=1.12624 rel_l2_vs_sm=0.00000 	
77	PASS	ok	families::quality_vs_statsmodels_multinomial::multinomial_logit_recovers_true_softmax_and_beats_statsmodels_on_real_data	0	1	1	0	acc=0.9767 acc=0.9767 logloss=0.13159 logloss=0.13159 rel_l2_vs_sm=0.00000 	
78	PASS	ok	families::quality_vs_statsmodels_multinomial::multinomial_per_class_probability_se_intervals_are_calibrated_over_refits	0	46	1	0	coverage=0.927 coverage=0.940 coverage=0.887 coverage=0.940 coverage=0.947 coverage=0.900 coverage=0.927 coverage=0.947 coverage=0.893 coverage=0.967 coverage=0.933 coverage=0.920 coverage=0.9272 	
79	GAM_ERROR	gam_fit_failed	families::quality_vs_statsmodels_ordinal_mnlogit::gam_multinomial_recovers_true_class_simplex	101	0	0	1		thread 'families::quality_vs_statsmodels_ordinal_mnlogit::gam_multinomial_recovers_true_class_simplex' (47183) panicked at tests/quality/families/quality_vs_statsmodels_ordinal_mnlogit.rs:151:10: :: gam builds the x1 + cc(x2) design: Fit(Estimation(Outer smoothing-parameter optimization did not certify a stationary optimum (standard REML): gradient g =1.417e-3 Pg =1.417e-3 bound=8.595e-4 (rung=cur
80	PASS	ok	families::quality_vs_statsmodels_ordinal_mnlogit::gam_multinomial_recovers_true_class_simplex_on_real_data	0	1	1	0	acc=0.5000 logloss=2.1170 logloss=1.9296 rel_l2=1.0119 	
81	PASS	ok	families::quality_vs_statsmodels_tweedie::gam_tweedie_matches_statsmodels_power_variance	0	3	1	0	edf=5.394 se_sigma=2.9966 	
82	PASS	ok	families::quality_vs_statsmodels_tweedie::gam_tweedie_matches_statsmodels_power_variance_on_real_data	0	2	1	0	edf=5.015 	
83	PASS	ok	families::quality_vs_synthetic_multinomial_deviance_identity::multinomial_recovers_decision_boundary_on_held_out_split	0	33	1	0	acc=0.5000 logloss=1.0145 acc=0.5167 logloss=0.9968 acc>=0.4787 logloss<=1.0241 acc=0.5167 logloss=1.0231 	
84	PASS	ok	families::quality_vs_vgam_multinomial_softmax::gam_multinomial_softmax_heterogeneous_smoothness_beats_fixed_df	0	9	1	0		
85	METRIC_OFF	quality_metric	families::quality_vs_vgam_multinomial_softmax::gam_multinomial_softmax_recovers_true_simplex	101	2	0	1		thread 'families::quality_vs_vgam_multinomial_softmax::gam_multinomial_softmax_recovers_true_simplex' (47501) panicked at tests/quality/families/quality_vs_vgam_multinomial_softmax.rs:377:5: :: gam does not recover the true class-probability surface: RMSE(P_gam, P_true)=0.07417 > bar=0.06
86	METRIC_OFF	quality_metric	families::quality_vs_vgam_multinomial_softmax::gam_multinomial_softmax_recovers_true_simplex_on_real_data	101	32	0	1	acc=0.8810 logloss=0.3461 acc=0.9524 logloss=0.2868 	thread 'families::quality_vs_vgam_multinomial_softmax::gam_multinomial_softmax_recovers_true_simplex_on_real_data' (47577) panicked at tests/quality/families/quality_vs_vgam_multinomial_softmax.rs:1188:5: :: gam held-out multiclass accuracy too low: 0.8810 (< 0.90)
87	PASS	ok	manifolds::quality_vs_geomstats_crabs_spd_manifold::crabs_group_covariances_match_geomstats_spd_geometry	0	1	1	0	frechet_variance=3.009961 frechet_variance=3.010831 	
88	PASS	ok	manifolds::quality_vs_geomstats_crabs_spd_manifold::crabs_group_covariances_match_geomstats_spd_geometry_on_real_data	0	1	1	0	acc=1.000 acc=1.000 	
89	PASS	ok	manifolds::quality_vs_geomstats_poincare_exp_log_roundtrip::gam_poincare_exp_log_satisfies_manifold_axioms	0	1	1	0	rel_l2=7.484e-9 	
90	PASS	ok	manifolds::quality_vs_geomstats_poincare_geodesic::poincare_geodesic_is_a_correct_metric	0	2	1	0	rmse=2.899e-16 ess = 0.000e0 l2=2.179e-16 rmse=6.912e-16 rmse=2.512e-16 ess = 0.000e0 l2=1.578e-16 rmse=7.692e-16 rmse=3.382e-16 ess = 0.000e0 l2=1.510e-16 rmse=6.527e-16 	
91	PASS	ok	manifolds::quality_vs_mgcv_global_city_temp_sphere_s2::gam_sphere_smooth_predicts_global_city_temp_better_than_mgcv_sos	0	2	1	0	edf=29.668 edf=31.467 R2=0.7873 rmse=3.4257 rmse=3.4327 	
92	PASS	ok	manifolds::quality_vs_mgcv_global_city_temp_sphere_s2::gam_sphere_smooth_predicts_global_city_temp_better_than_mgcv_sos_on_real_data	0	1	1	0	edf=31.613 edf=30.763 rmse=3.3376 rmse=3.2278 	
93	PASS	ok	manifolds::quality_vs_mgcv_solar_zenith_cylinder::gam_solar_zenith_cylinder_predicts_heldout_and_closes_seam	0	2	1	0	edf=49.847 edf=41.107 R2=0.9994 rmse=0.5629 rmse=0.6325 seam_gap=0.000e0 	
94	PASS	ok	manifolds::quality_vs_mgcv_sphere_rotation_equivariance_s2::gam_sphere_smooth_is_rotation_equivariant_and_recovers_truth	0	1	1	0	edf_orig=22.663 edf_rot=22.663 rmse=0.3234 rmse=0.3258 edf=22.537 pearson=0.96491 	
95	PASS	ok	manifolds::quality_vs_mgcv_sphere_rotation_equivariance_s2::gam_sphere_smooth_is_rotation_equivariant_and_recovers_truth_on_real_data	0	1	1	0	edf=18.291 edf=21.971 R2=0.7545 rmse=3.6803 rmse=3.6304 edf_orig=18.291 edf_rot=18.291 	
96	PASS	ok	manifolds::quality_vs_mgcv_sphere_s2_wahba_vs_sos::gam_sphere_matches_mgcv_sos_on_geographic_surface	0	2	1	0	se_sd=0.0639 rmse=2.0782 rmse=1.5456 rmse/range=0.4221 edf=3.515 edf=16.255 edf_rel=0.784 rel_l2_to_mgcv=1.1850 pearson_to_mgcv=0.95410 seam_rel=0.0002 	
97	PASS	ok	manifolds::quality_vs_scipy_sphere_geodesic_consistency::gam_sphere_smooth_recovers_geodesic_truth_at_least_as_well_as_mgcv_sos	0	1	1	0	edf=23.958 edf=19.588 seam_rel=0.0064 	
98	PASS	ok	misc::additive_models_quality_batch_f::cycle_71_smooth_plus_periodic	0	0	1	0		
99	PASS	ok	misc::additive_models_quality_batch_f::cycle_72_smooth_plus_sphere	0	0	1	0		
100	PASS	ok	misc::additive_models_quality_batch_f::cycle_73_bc_clamped_plus_sphere_harmonic	0	0	1	0		
101	PASS	ok	misc::additive_models_quality_batch_f::cycle_74_three_smooth_terms	0	0	1	0		
102	PASS	ok	misc::bc_quality_batch_b::cycle_55_bc_clamped_tiny_n	0	0	1	0		
103	PASS	ok	misc::bc_quality_batch_b::cycle_56_bc_anchored_bimodal_truth	0	0	1	0		
104	PASS	ok	misc::bc_quality_batch_b::cycle_57_bc_clamped_nonzero_endpoint_slope	0	0	1	0		
105	PASS	ok	misc::bc_quality_batch_b::cycle_58_bc_mixed_left_clamped_right_anchored	0	0	1	0		
106	PASS	ok	misc::broad_sweep_batch_h::bc_anchored_pins_predictions_at_data_extremes	0	0	1	0		
107	PASS	ok	misc::broad_sweep_batch_h::bc_anchored_with_data_far_from_zero	0	0	1	0		
108	PASS	ok	misc::broad_sweep_batch_h::bc_clamped_with_constant_truth_stays_flat	0	0	1	0		
109	PASS	ok	misc::broad_sweep_batch_h::matern_low_n_does_not_crash	0	1	1	0		
110	PASS	ok	misc::broad_sweep_batch_h::periodic_1d_high_amplitude_sin	0	0	1	0		
111	PASS	ok	misc::broad_sweep_batch_h::periodic_handles_negative_origin	0	0	1	0		
112	PASS	ok	misc::broad_sweep_batch_h::periodic_with_only_few_points	0	0	1	0		
113	PASS	ok	misc::broad_sweep_batch_h::smooth_recovers_step_continuously	0	0	1	0		
114	PASS	ok	misc::broad_sweep_batch_h::sphere_extrapolation_far_from_data_bounded	0	0	1	0		
115	PASS	ok	misc::broad_sweep_batch_h::sphere_predict_north_pole_with_random_lon	0	0	1	0		
116	PASS	ok	misc::broad_sweep_batch_h::sphere_predict_zero_lat_lon_finite	0	0	1	0		
117	PASS	ok	misc::broad_sweep_batch_h::tensor_2d_smooth_truth_recovery	0	1	1	0		
118	PASS	ok	misc::broad_sweep_batch_i::bc_clamped_at_high_k_smooths_correctly	0	0	1	0		
119	PASS	ok	misc::broad_sweep_batch_i::cylinder_clean_seam_with_negative_h	0	0	1	0		
120	PASS	ok	misc::broad_sweep_batch_i::periodic_1d_zero_amplitude_truth	0	0	1	0		
121	PASS	ok	misc::broad_sweep_batch_i::periodic_with_offset_data_range	0	0	1	0		
122	PASS	ok	misc::broad_sweep_batch_i::sphere_handles_lat_at_minus_90	0	0	1	0		
123	PASS	ok	misc::broad_sweep_batch_i::sphere_logit_predict_finite_at_pole	0	4	1	0		
124	PASS	ok	misc::broad_sweep_batch_i::sphere_pseudo_with_small_n	0	0	1	0		
125	PASS	ok	misc::broad_sweep_batch_i::sphere_rejects_constant_lon_column	0	0	1	0		
126	PASS	ok	misc::broad_sweep_batch_i::sphere_sobolev_with_small_n	0	0	1	0		
127	PASS	ok	misc::broad_sweep_batch_i::sphere_with_method_alias_sos	0	0	1	0		
128	PASS	ok	misc::broad_sweep_batch_i::te_periodic_data_outside_period_works	0	1	1	0		
129	PASS	ok	misc::broad_sweep_batch_i::te_single_period_broadcasts_to_periodic_axis	0	0	1	0		
130	PASS	ok	misc::feature_correctness_sweep::bc_bspline_all_endpoint_combinations_build	0	0	1	0		
131	PASS	ok	misc::feature_correctness_sweep::bc_bspline_anchored_at_left_vanishes_at_x_zero	0	0	1	0		
132	PASS	ok	misc::feature_correctness_sweep::bc_bspline_clamped_at_right_has_zero_derivative_at_x_one	0	0	1	0		
133	PASS	ok	misc::feature_correctness_sweep::bc_bspline_columns_drop_by_constraint_count	0	0	1	0		
134	PASS	ok	misc::feature_correctness_sweep::bc_bspline_realizes_nonzero_anchor_as_affine_lift	0	0	1	0		
135	PASS	ok	misc::feature_correctness_sweep::both_sphere_methods_give_rotation_invariant_smoothers	0	0	1	0		
136	PASS	ok	misc::feature_correctness_sweep::cyclic_derivative_penalty_constant_in_nullspace_across_orders_and_k	0	0	1	0		
137	PASS	ok	misc::feature_correctness_sweep::periodic_bspline_derivative_preserves_analytic_periodic_invariants	0	0	1	0		
138	PASS	ok	misc::feature_correctness_sweep::periodic_bspline_evaluates_seam_exactly	0	0	1	0		
139	PASS	ok	misc::feature_correctness_sweep::periodic_bspline_for_all_supported_degrees	0	0	1	0		
140	PASS	ok	misc::feature_correctness_sweep::periodic_bspline_partition_of_unity_across_periods_and_k	0	0	1	0		
141	PASS	ok	misc::feature_correctness_sweep::periodic_bspline_rejects_invalid_range	0	0	1	0		
142	PASS	ok	misc::feature_correctness_sweep::periodic_bspline_rejects_nonfinite_data	0	0	1	0		
143	PASS	ok	misc::feature_correctness_sweep::periodic_bspline_rejects_too_few_basis	0	0	1	0		
144	PASS	ok	misc::feature_correctness_sweep::sphere_harmonic_at_north_pole_reduces_to_legendre	0	0	1	0		
145	PASS	ok	misc::feature_correctness_sweep::sphere_harmonic_basis_dim_is_l_times_l_plus_2	0	0	1	0		
146	PASS	ok	misc::feature_correctness_sweep::sphere_harmonic_design_finite_for_all_l_at_random_points	0	0	1	0		
147	PASS	ok	misc::feature_correctness_sweep::sphere_harmonic_penalty_diagonal_eigenvalues_match_l_l_plus_1_squared	0	0	1	0		
148	PASS	ok	misc::feature_correctness_sweep::sphere_harmonic_radians_matches_degrees_across_l_and_points	0	0	1	0		
149	PASS	ok	misc::feature_correctness_sweep::sphere_harmonic_rejects_l_zero_and_too_large	0	0	1	0		
150	PASS	ok	misc::feature_correctness_sweep::sphere_harmonic_row_gram_invariant_under_longitude_shift	0	0	1	0		
151	PASS	ok	misc::fit_quality_stress::bimodal_sharp_bumps_bc	0	0	1	0	rmse=0.0104 	
152	PASS	ok	misc::fit_quality_stress::boundary_discontinuity_step	0	0	1	0	rmse=0.1692 	
153	PASS	ok	misc::fit_quality_stress::cyclic_wrong_period	0	0	1	0	rmse=0.0030 	
154	PASS	ok	misc::fit_quality_stress::heteroscedastic_noise_mean_recovery	0	0	1	0	rmse=0.1462 	
155	PASS	ok	misc::fit_quality_stress::hifreq_bc_k10	0	0	1	0	rmse=0.1937 	
156	PASS	ok	misc::fit_quality_stress::hifreq_bc_k4	0	0	1	0	rmse=0.0985 	
157	PASS	ok	misc::fit_quality_stress::hifreq_bc_k6	0	0	1	0	rmse=0.1231 	
158	PASS	ok	misc::fit_quality_stress::hifreq_bc_k8	0	0	1	0	rmse=0.1509 	
159	PASS	ok	misc::fit_quality_stress::hifreq_cyclic_k10	0	1	1	0	rmse=0.1148 	
160	PASS	ok	misc::fit_quality_stress::hifreq_cyclic_k4	0	0	1	0	rmse=0.0275 	
161	PASS	ok	misc::fit_quality_stress::hifreq_cyclic_k6	0	0	1	0	rmse=0.0474 	
162	PASS	ok	misc::fit_quality_stress::hifreq_cyclic_k8	0	0	1	0	rmse=0.0799 	
163	PASS	ok	misc::fit_quality_stress::hifreq_sphere_l4	0	0	1	0	rmse=0.0242 	
164	PASS	ok	misc::fit_quality_stress::hifreq_sphere_l6	0	1	1	0	rmse=0.0364 	
165	PASS	ok	misc::fit_quality_stress::hifreq_sphere_l8	0	2	1	0	rmse=0.0423 	
166	PASS	ok	misc::fit_quality_stress::hifreq_tensor_k10	0	88	1	0	rmse=0.1271 	
167	PASS	ok	misc::fit_quality_stress::hifreq_tensor_k4	0	3	1	0	rmse=0.0489 	
168	PASS	ok	misc::fit_quality_stress::hifreq_tensor_k6	0	14	1	0	rmse=0.0743 	
169	PASS	ok	misc::fit_quality_stress::hifreq_tensor_k8	0	36	1	0	rmse=0.1061 	
170	PASS	ok	misc::fit_quality_stress::near_flat_signal	0	0	1	0	rmse=0.0040 	
171	PASS	ok	misc::fit_quality_stress::outlier_contamination	0	0	1	0	rmse=0.1353 	
172	PASS	ok	misc::fit_quality_stress::sparse_dense_imbalance	0	0	1	0	rmse=0.0734 rmse_sparse=0.0734 rmse_dense=0.0487 rmse_worst=0.0734 	
173	PASS	ok	misc::fit_quality_stress::sphere_antipodal_only	0	0	1	0	rmse=0.0076 	
174	PASS	ok	misc::fit_quality_stress::tensor_multicollinear_inputs	0	1	1	0	rmse=0.0123 	
175	PASS	ok	misc::fit_quality_stress::zz_measure_hifreq_tensor_k10_seed_costs	0	93	1	0	rho_dim=3 rho_dim=3 rho_dim=3 rho_dim=3 rho_dim=3 rho_dim=3 rho_dim=3 rho_dim=3 rho_dim=3 rho_dim=3 rho_dim=3 rho_dim=3 rho_dim=3 rho_dim=3 rho_dim=3 rho_dim=3 rho_dim=3 rho_dim=3 rho_dim=3 rho_dim=3 rho_dim=3 rho_dim=3 rho_dim=3 rho_dim=3 rho_dim=3 rho_dim=3 rho_dim=3 rho_dim=3 rho_dim=3 rho_dim=3 rho_dim=3 rho_dim=3 rho_dim=3 rho_dim=3 rho_dim=3 rho_dim=3 rho_dim=3 rho_dim=3 rho_dim=3 rho_dim=3 rho_dim=3 rho_dim=3 rho_dim=3 rho_dim=3 rho_dim=3 rho_dim=3 rho_dim=3 rho_dim=3 rho_dim=3 rho_dim=3 rho_dim=3 rho_dim=3 rho_dim=3 rho_dim=3 rho_dim=3 rho_dim=3 rho_dim=3 rho_dim=3 rho_dim=3 rho_dim=3 rho_dim=3 rho_dim=3 rho_dim=3 rho_dim=3 rho_dim=3 rho_dim=3 rho_dim=3 rho_dim=3 rho_dim=3 rho_dim=3 rho_dim=3 rho_dim=3 rho_dim=3 rho_dim=3 rho_dim=3 rho_dim=3 edf_total=159.1569 	
176	PASS	ok	misc::fit_quality_stress::zz_measure_hifreq_tensor_k8_lambda_readout	0	36	1	0	edf_total=160.116 	
177	PASS	ok	misc::mega_batch_j::bc_anchored_with_few_data	0	0	1	0		
178	PASS	ok	misc::mega_batch_j::bc_clamped_with_few_data	0	0	1	0		
179	PASS	ok	misc::mega_batch_j::periodic_negative_truth	0	0	1	0		
180	PASS	ok	misc::mega_batch_j::periodic_recovers_cos2t	0	0	1	0		
181	PASS	ok	misc::mega_batch_j::periodic_with_high_k	0	0	1	0		
182	PASS	ok	misc::mega_batch_j::periodic_with_large_period	0	0	1	0		
183	PASS	ok	misc::mega_batch_j::smooth_cubic_recovery	0	0	1	0		
184	PASS	ok	misc::mega_batch_j::smooth_exponential	0	1	1	0		
185	PASS	ok	misc::mega_batch_j::smooth_fits_logistic_dose_response	0	0	1	0		
186	PASS	ok	misc::mega_batch_j::smooth_log_recovers_monotone	0	0	1	0		
187	PASS	ok	misc::mega_batch_j::smooth_negative_y_range	0	0	1	0		
188	PASS	ok	misc::mega_batch_j::smooth_quadratic_recovery	0	0	1	0		
189	PASS	ok	misc::mega_batch_j::smooth_sin_recovery	0	0	1	0		
190	PASS	ok	misc::mega_batch_j::smooth_step_then_constant_recovers_inflection	0	0	1	0		
191	PASS	ok	misc::mega_batch_j::smooth_with_intercept_match	0	0	1	0		
192	PASS	ok	misc::mega_batch_j::smooth_with_no_intercept_explicit	0	0	1	0		
193	PASS	ok	misc::mega_batch_j::smooth_with_offset_in_y	0	0	1	0		
194	PASS	ok	misc::mega_batch_j::smooth_with_outlier	0	1	1	0		
195	PASS	ok	misc::mega_batch_j::smooth_with_periodic_aliased_data	0	0	1	0		
196	PASS	ok	misc::mega_batch_j::sphere_dense_polar	0	0	1	0		
197	PASS	ok	misc::mega_batch_j::sphere_equatorial_data	0	0	1	0		
198	PASS	ok	misc::mega_batch_j::sphere_fits_lat_dependent_truth	0	0	1	0		
199	PASS	ok	misc::mega_batch_j::sphere_fits_uniform_constant_truth	0	0	1	0		
200	PASS	ok	misc::mega_batch_j::sphere_harmonic_with_m_equals_3	0	1	1	0		
201	PASS	ok	misc::mega_batch_j::sphere_with_explicit_m_equals_1_is_refused_with_both_remedies	0	0	1	0		
202	PASS	ok	misc::mega_batch_k::all_smooth_families_in_one_formula	0	0	1	0		
203	PASS	ok	misc::mega_batch_k::bc_anchored_handles_polynomial_truth	0	0	1	0		
204	PASS	ok	misc::mega_batch_k::bc_anchored_pred_at_data_min_endpoint	0	0	1	0		
205	PASS	ok	misc::mega_batch_k::bc_anchored_with_large_data_range_works	0	0	1	0		
206	PASS	ok	misc::mega_batch_k::bc_anchored_with_lots_of_data	0	0	1	0		
207	PASS	ok	misc::mega_batch_k::bc_clamped_handles_constant_truth	0	0	1	0		
208	PASS	ok	misc::mega_batch_k::bc_clamped_pred_at_data_min_endpoint	0	0	1	0		
209	PASS	ok	misc::mega_batch_k::bc_clamped_with_truth_zero_at_endpoints	0	0	1	0		
210	PASS	ok	misc::mega_batch_k::cylinder_recovers_h_only	0	0	1	0		
211	PASS	ok	misc::mega_batch_k::cylinder_recovers_theta_only	0	1	1	0		
212	PASS	ok	misc::mega_batch_k::cylinder_seam_continuity_finite	0	0	1	0		
213	PASS	ok	misc::mega_batch_k::matern_nu_half_1d	0	0	1	0		
214	PASS	ok	misc::mega_batch_k::matern_nu_seven_halves_1d	0	2	1	0		
215	PASS	ok	misc::mega_batch_k::matern_nu_three_halves_1d	0	1	1	0		
216	PASS	ok	misc::mega_batch_k::matern_recovers_polynomial	0	1	1	0		
217	GAM_ERROR	gam_fit_failed	misc::mega_batch_k::matern_with_explicit_centers	101	0	0	1	rho_dim=4 se_floor=2.232726e-2 	thread 'misc::mega_batch_k::matern_with_explicit_centers' (52704) panicked at tests/quality/misc/mega_batch_k.rs:72:54: :: fit: Fit(Estimation(Outer smoothing-parameter optimization did not certify a stationary optimum (iso-kappa joint REML): gradient g =3.623e0 Pg =3.623e0 bound=6.527e-2 (rung=curvature-resolvability derived_standard=true) hessian_psd=yes curvature_source=terminal-analytic railed
218	PASS	ok	misc::mega_batch_k::periodic_at_seam_doubled	0	0	1	0		
219	PASS	ok	misc::mega_batch_k::periodic_double_amplitude	0	0	1	0		
220	PASS	ok	misc::mega_batch_k::periodic_handles_negative_offset_data	0	0	1	0		
221	PASS	ok	misc::mega_batch_k::periodic_handles_quarter_period_data	0	0	1	0		
222	PASS	ok	misc::mega_batch_k::periodic_handles_three_quarter_period_data	0	0	1	0		
223	PASS	ok	misc::mega_batch_k::periodic_predictions_smooth_across_grid	0	0	1	0		
224	PASS	ok	misc::mega_batch_k::periodic_recovers_zero_truth	0	0	1	0		
225	PASS	ok	misc::mega_batch_k::periodic_with_high_freq_truth	0	1	1	0		
226	PASS	ok	misc::mega_batch_k::periodic_with_k_equal_basis_minimum	0	0	1	0		
227	PASS	ok	misc::mega_batch_k::periodic_with_lots_of_data	0	0	1	0		
228	PASS	ok	misc::mega_batch_k::periodic_with_low_freq_truth	0	0	1	0		
229	PASS	ok	misc::mega_batch_k::smooth_at_data_extremes	0	0	1	0		
230	PASS	ok	misc::mega_batch_k::smooth_consistent_across_seeds	0	0	1	0		
231	PASS	ok	misc::mega_batch_k::smooth_finite_at_data_centroid	0	0	1	0		
232	PASS	ok	misc::mega_batch_k::smooth_handles_one_outlier_high	0	0	1	0		
233	PASS	ok	misc::mega_batch_k::smooth_handles_one_outlier_low	0	0	1	0		
234	PASS	ok	misc::mega_batch_k::smooth_k_consistency_check	0	0	1	0		
235	PASS	ok	misc::mega_batch_k::smooth_predictions_smooth_across_grid	0	1	1	0		
236	PASS	ok	misc::mega_batch_k::smooth_recovers_decreasing_truth	0	0	1	0		
237	PASS	ok	misc::mega_batch_k::smooth_recovers_increasing_truth	0	0	1	0		
238	PASS	ok	misc::mega_batch_k::smooth_recovers_inverted_v_shape	0	0	1	0		
239	PASS	ok	misc::mega_batch_k::smooth_recovers_quadratic_in_offset_domain	0	0	1	0		
240	PASS	ok	misc::mega_batch_k::smooth_recovers_v_shape	0	0	1	0		
241	PASS	ok	misc::mega_batch_k::smooth_recovers_zero_truth	0	0	1	0		
242	PASS	ok	misc::mega_batch_k::smooth_with_data_in_negative_range	0	0	1	0		
243	PASS	ok	misc::mega_batch_k::smooth_with_explicit_intercept_excluded	0	0	1	0		
244	PASS	ok	misc::mega_batch_k::smooth_with_large_data_count_finishes	0	0	1	0		
245	PASS	ok	misc::mega_batch_k::smooth_with_normal_noise_high_sigma	0	0	1	0		
246	PASS	ok	misc::mega_batch_k::smooth_x_squared_inflection_at_zero	0	0	1	0		
247	PASS	ok	misc::mega_batch_k::sphere_consistent_across_seeds	0	0	1	0		
248	PASS	ok	misc::mega_batch_k::sphere_finite_at_pole_predict	0	0	1	0		
249	PASS	ok	misc::mega_batch_k::sphere_grid_data_works	0	0	1	0		
250	PASS	ok	misc::mega_batch_k::sphere_harmonic_finite_at_pole	0	0	1	0		
251	PASS	ok	misc::mega_batch_k::sphere_lat_zero_lon_varies_finite	0	0	1	0		
252	PASS	ok	misc::mega_batch_k::sphere_predictions_smooth_along_lat_band	0	0	1	0		
253	PASS	ok	misc::mega_batch_k::sphere_recovers_lat_squared	0	0	1	0		
254	PASS	ok	misc::mega_batch_k::sphere_recovers_lon_dependent	0	0	1	0		
255	PASS	ok	misc::mega_batch_k::sphere_recovers_zero_truth	0	1	1	0		
256	PASS	ok	misc::mega_batch_k::sphere_strict_lat_bound_at_90	0	0	1	0		
257	PASS	ok	misc::mega_batch_k::sphere_wahba_default_method_is_sobolev	0	0	1	0		
258	PASS	ok	misc::mega_batch_k::sphere_wahba_pseudo_smoke_test	0	1	1	0		
259	PASS	ok	misc::mega_batch_k::sphere_with_lots_of_data	0	0	1	0		
260	PASS	ok	misc::mega_batch_k::sphere_with_method_mgcv_alias	0	0	1	0		
261	PASS	ok	misc::mega_batch_k::sphere_with_method_sos_alias	0	1	1	0		
262	PASS	ok	misc::mega_batch_k::sphere_with_minimum_basis_finite	0	0	1	0		
263	PASS	ok	misc::mega_batch_k::te_recovers_zero_truth	0	0	1	0		
264	PASS	ok	misc::mega_batch_k::te_with_disparate_scales	0	1	1	0		
265	PASS	ok	misc::mega_batch_k::te_with_high_k	0	1	1	0		
266	PASS	ok	misc::mega_batch_k::te_with_low_k	0	0	1	0		
267	PASS	ok	misc::mega_batch_k::te_with_minimum_basis_finite	0	0	1	0		
268	PASS	ok	misc::mega_batch_k::tensor_2d_finite_at_origin	0	1	1	0		
269	PASS	ok	misc::mega_batch_k::tensor_2d_interaction	0	0	1	0		
270	PASS	ok	misc::mega_batch_k::tensor_2d_recovers_x	0	0	1	0		
271	PASS	ok	misc::mega_batch_k::tensor_2d_recovers_y	0	0	1	0		
272	PASS	ok	misc::mega_batch_k::torus_recovers_double_periodic	0	0	1	0		
273	PASS	ok	misc::mega_batch_k::torus_seam_u_continuous	0	0	1	0		
274	PASS	ok	misc::mega_batch_k::torus_seam_v_continuous	0	1	1	0		
275	PASS	ok	misc::quality_expectile_gam_heteroscedastic_truth::expectile_gam_recovers_closed_form_heteroscedastic_expectiles	0	1	1	0		
276	PASS	ok	misc::quality_llm_weekday_circle::weekday_is_bound_to_month_when_planted_jointly_and_fissions_when_additive	0	0	1	0		
277	PASS	ok	misc::quality_re_random_slope_partial_pools_to_population::re_random_slope_partial_pools_toward_population	0	0	1	0	edf=15.78 	
278	PASS	ok	misc::quality_ti_anova_scattered_recovers_truth::gam_ss_ti_anova_recovers_truth_on_scattered_data	0	2	1	0	rmse_gam_vs_truth=0.00129 rmse_gam=0.00129 rmse_mgcv=0.00775 	
279	PASS	ok	misc::quality_validation_baseline_1471::concurvity_two_smooths_corr_090_recovers_truth_and_matches_mgcv	0	1	1	0	edf=16.965 edf=16.965 rmse_vs_truth=0.06971 rmse_vs_truth=0.06971 r2=0.9942 edf_sx=7.222 edf_sz=6.743 edf=8.222 r2=0.9743 rmse=0.10587 rmse=0.10587 r2=0.9986 rmse=0.04894 rmse=0.04894 	
280	PASS	ok	misc::quality_validation_baseline_1471::cyclic_tensor_periodic_clamped_wraps_and_matches_mgcv	0	2	1	0	edf=40.983 edf=34.538 seam_gap=0.00e0 rmse_vs_truth=0.01571 rmse_vs_truth=0.01518 	
281	PASS	ok	misc::quality_validation_baseline_1471::poisson_response_ci_is_calibrated_and_matches_mgcv	0	27	1	0		
282	PASS	ok	misc::quality_validation_baseline_1471::smooth_plus_linear_same_var_recovers_truth_and_matches_mgcv	0	1	1	0	edf=8.871 edf=8.868 rmse_vs_truth=0.03391 rmse_vs_truth=0.03393 r2=0.9991 	
283	PASS	ok	misc::quality_validation_baseline_1471::tweedie_log_smooth_recovers_truth_and_matches_mgcv	0	8	1	0	edf=5.170 edf=5.242 rmse_vs_truth=0.14344 rmse_vs_truth=0.14296 edf=5.940 edf=6.027 rmse_vs_truth=0.08634 rmse_vs_truth=0.08628 edf=5.670 edf=5.716 rmse_vs_truth=0.06217 rmse_vs_truth=0.06243 edf=6.247 edf=6.303 rmse_vs_truth=0.06659 rmse_vs_truth=0.06628 edf=6.082 edf=6.130 rmse_vs_truth=0.12316 rmse_vs_truth=0.12328 rmse=0.09634 rmse=0.09625 	
284	PASS	ok	misc::quality_vs_compositions_alr_closure::simplex_frechet_mean_is_the_optimal_aitchison_center	0	1	1	0	rel_l2=5.172e-16 rel_l2=1.401e-16 	
285	PASS	ok	misc::quality_vs_compositions_alr_closure::simplex_frechet_mean_is_the_optimal_aitchison_center_on_real_data	0	0	1	0	rel_l2=9.562e-17 	
286	PASS	ok	misc::quality_vs_compositions_frechet_mean::frechet_mean_is_the_aitchison_barycenter	0	2	1	0	rel_l2=0.000e0 	
287	PASS	ok	misc::quality_vs_compositions_frechet_mean::frechet_mean_is_the_aitchison_barycenter_on_real_data	0	1	1	0		
288	PASS	ok	misc::quality_vs_compositions_skye_afm_aitchison_center::gam_aitchison_center_of_skye_afm_lavas_is_optimal_and_clr_exact	0	0	1	0	rel_l2=1.214e-16 	
289	PASS	ok	misc::quality_vs_flexsurv_piecewise_constant_vs_rp_baseline::gam_smooth_ispline_baseline_predicts_icu_survival	0	10	1	0		
290	PASS	ok	misc::quality_vs_flexsurv_piecewise_constant_vs_rp_baseline::gam_smooth_ispline_baseline_predicts_icu_survival_on_real_data	0	5	1	0		
291	PASS	ok	misc::quality_vs_flexsurv_rp_baseline::gam_rp_baseline_holdout_concordance_matches_or_beats_flexsurvspline_on_heart_failure	0	2	1	0		
292	PASS	ok	misc::quality_vs_flexsurv_rp_baseline::gam_rp_baseline_holdout_concordance_matches_or_beats_flexsurvspline_on_veteran	0	1	1	0		
293	PASS	ok	misc::quality_vs_gamlss_beta_dispersion_location_scale_1060::gam_beta_dispersion_location_scale_recovers_phi_surface_vs_gamlss	0	2	1	0		
294	PASS	ok	misc::quality_vs_gamlss_gagurine_location_scale::gam_location_scale_predicts_gagurine_better_than_baseline	0	8	1	0		
295	PASS	ok	misc::quality_vs_gamlss_negbin_dispersion_location_scale_1060::gam_negbin_dispersion_location_scale_recovers_theta_surface_vs_gamlss	0	2	1	0		
296	PASS	ok	misc::quality_vs_geomstats_grassmann_exp_log_roundtrip::grassmann_exp_log_roundtrip_matches_geomstats	0	1	1	0		
297	PASS	ok	misc::quality_vs_geomstats_olive_oils_grassmann::olive_oils_grassmann_distance_matches_geomstats	0	1	1	0		
298	PASS	ok	misc::quality_vs_geomstats_olive_oils_grassmann::olive_oils_grassmann_distance_matches_geomstats_on_real_data	0	1	1	0	accuracy=0.778 accuracy=0.778 	
299	PASS	ok	misc::quality_vs_geomstats_stiefel_exp_log_roundtrip::gam_stiefel_exp_is_a_valid_canonical_metric_geodesic	0	1	1	0	geodesic_rel_err=2.345e-7 	
300	METRIC_OFF	quality_metric	misc::quality_vs_gpyto_gp_regression::gam_gp_regression_recovers_truth	101	8	0	1	rmse_vs_truth=0.0164 rmse_vs_truth=0.0143 coverage95=1.000 rel_l2_to_gpt=0.0071 pearson=0.9268 ession.rs:272:5 	thread 'misc::quality_vs_gpyto_gp_regression::gam_gp_regression_recovers_truth' (56632) panicked at tests/quality/misc/quality_vs_gpyto_gp_regression.rs:272:5: :: gam GP truth-recovery worse than GPyTorch baseline: gam=0.0164 > 1.10*gpt=0.0158
301	PASS	ok	misc::quality_vs_gpyto_gp_regression::gam_gp_regression_recovers_truth_on_real_data	0	6	1	0	R2=0.9310 rmse=0.0714 rmse=0.0710 rel_l2_to_gpt=0.0189 	
302	PASS	ok	misc::quality_vs_inla_rw2_spde_penalized_baseline::gam_rw2_pspline_predicts_held_out_at_least_as_well_as_inla	0	3	1	0	R2=0.9140 rmse=0.08645 R2=0.9107 rmse=0.08811 	
303	PASS	ok	misc::quality_vs_inla_rw2_spde_penalized_baseline::gam_rw2_pspline_predicts_held_out_at_least_as_well_as_inla_on_real_data	0	8	1	0	edf_total=19.243 R2=0.0232 rmse=0.39275 R2=0.0289 rmse=0.39160 	
304	TIMEOUT	per_test_bound	misc::quality_vs_lifelines_interval_censored_truth_recovery::gam_recovers_interval_censored_latent_truth_match_or_beat_lifelines	124	600	0	0		exceeded the 600s per-case bound from .config/nextest.toml
305	PASS	ok	misc::quality_vs_lifelines_rmst_truth_recovery::gam_recovers_rmst_truth_match_or_beat_lifelines	0	1	1	0		
306	PASS	ok	misc::quality_vs_lme4_random_intercept::gam_random_intercept_matches_lme4	0	2	1	0		
307	PASS	ok	misc::quality_vs_lme4_random_intercept::gam_random_intercept_matches_lme4_on_real_data	0	1	1	0	rmse=29.438 rmse=29.499 	
308	PASS	ok	misc::quality_vs_lme4_random_slope::gam_factor_smooth_random_slope_matches_lme4	0	2	1	0	edf=9.945 	
309	PASS	ok	misc::quality_vs_lme4_random_slope::gam_factor_smooth_random_slope_matches_lme4_on_real_data	0	1	1	0	edf=32.727 R2=0.3166 rmse=49.0208 rmse=49.1802 	
310	PASS	ok	misc::quality_vs_lme4_sleepstudy_random_slope_forecast::gam_sleepstudy_random_slope_forecasts_held_out_days_vs_lme4	0	1	1	0	edf=31.39 	
311	PASS	ok	misc::quality_vs_mass_ordinal_polr::gam_continuation_ratio_matches_vgam_sratio	0	1	1	0	edf=5.854 	
312	PASS	ok	misc::quality_vs_mass_ordinal_polr::gam_continuation_ratio_matches_vgam_sratio_on_real_data	0	7	1	0	edf=2.812 acc=0.0769 logloss=1.3027 	
313	PASS	ok	misc::quality_vs_mgcv_bike_sharing_torus::gam_torus_predicts_bike_sharing_diurnal_seasonal_cycle_vs_mgcv	0	3	1	0	edf=80.027 edf=64.830 R2=0.97115 rmse=0.21552 rmse=0.24555 rel_l2_gam_vs_mgcv=0.03194 seam_gap=0.000e0 seam_gap=0.000e0 	
314	PASS	ok	misc::quality_vs_mgcv_thin_plate_1d::gam_thin_plate_1d_predicts_heldout_lidar_at_least_as_well_as_mgcv	0	2	1	0	R2_avg=0.9165 	
315	PASS	ok	misc::quality_vs_mgcv_thin_plate_1d::gam_thin_plate_1d_predicts_heldout_lidar_at_least_as_well_as_mgcv_on_real_data	0	3	1	0	R2_avg=0.9263 	
316	PASS	ok	misc::quality_vs_mgcv_thin_plate_1d::tp_single_penalty_does_not_overfit_linear_data_1271	0	1	1	0	edf_total=2.0000 edf_total=2.0010 edf_total=2.0011 edf_total=2.0000 edf_total=2.0000 edf=2.0004 	
317	PASS	ok	misc::quality_vs_pygam_logistic_1d_shape::gam_logistic_1d_shape_matches_pygam_on_logit_scale	0	15	1	0	pearson=0.99769 rel_l2=0.0704 	
318	PASS	ok	misc::quality_vs_pygam_logistic_1d_shape::gam_logistic_1d_shape_matches_pygam_on_logit_scale_on_real_data	0	150	1	0	edf=3.808 edf=3.537 auc=0.6372 auc=0.6365 logloss=0.6579 logloss=0.6572 	
319	PASS	ok	misc::quality_vs_python_scipy_alr_geometric_mean::simplex_geometric_mean_minimizes_aitchison_frechet_objective	0	1	1	0		
320	PASS	ok	misc::quality_vs_python_scipy_alr_geometric_mean::simplex_geometric_mean_minimizes_aitchison_frechet_objective_on_real_data	0	1	1	0		
321	METRIC_OFF	quality_metric	misc::quality_vs_r_fields_mkriging::gam_matern_kriging_matches_fields_mkrig	101	1	0	1	edf=19.130 rmse=0.1150 rmse=0.1026 rel_l2=0.1969 	thread 'misc::quality_vs_r_fields_mkriging::gam_matern_kriging_matches_fields_mkrig' (57923) panicked at tests/quality/misc/quality_vs_r_fields_mkriging.rs:242:5: :: gam Matern kriging max pointwise error vs truth too large: 0.3680 (>= 0.25)
322	GAM_ERROR	gam_fit_failed	misc::quality_vs_r_gpgp_likelihood::gam_gp_smooth_recovers_truth_and_predicts	101	4	0	1	rho_dim=3 se_floor=1.834142e-3 	thread 'misc::quality_vs_r_gpgp_likelihood::gam_gp_smooth_recovers_truth_and_predicts' (57982) panicked at tests/quality/misc/quality_vs_r_gpgp_likelihood.rs:116:56: :: gam matern fit: Fit(Estimation(Outer smoothing-parameter optimization did not certify a stationary optimum (iso-kappa joint REML): gradient g =4.835e-2 Pg =4.835e-2 bound=1.110e-2 (rung=solver-band derived_standard=false) hessian_p
323	GAM_ERROR	gam_fit_failed	misc::quality_vs_r_mlt_conditional_transformation_binary_covariate::gam_conditional_transformation_pit_is_calibrated_on_bone	101	0	0	1		thread 'misc::quality_vs_r_mlt_conditional_transformation_binary_covariate::gam_conditional_transformation_pit_is_calibrated_on_bone' (58078) panicked at tests/quality/misc/quality_vs_r_mlt_conditional_transformation_binary_covariate.rs:136:59: :: gam transformation CTM fit: Fit(Context { context: 'transformation fit failed', source: CustomFamily(OuterSmoothingFailed { reason: 'outer smoothing opt
324	PASS	ok	misc::quality_vs_robcompositions_generalized_mean_coordinates::gam_simplex_frechet_mean_recovers_known_aitchison_center	0	3	1	0	rmse=1.522e-2 rmse=1.522e-2 rmse=1.522e-2 	
325	PASS	ok	misc::quality_vs_robcompositions_generalized_mean_coordinates::gam_simplex_frechet_mean_recovers_known_aitchison_center_on_real_data	0	2	1	0		
326	PASS	ok	misc::quality_vs_rstpm2_pstpm2_monotone_baseline_constraint::gam_penalized_baseline_is_monotone_and_concordant_on_cirrhosis	0	2	1	0		
327	PASS	ok	misc::quality_vs_rstpm2_pstpm2_penalized_baseline::gam_penalized_baseline_predicts_heldout_survival_on_cirrhosis	0	2	1	0		
328	PASS	ok	misc::quality_vs_scam_monotone_baseline::gam_monotone_baseline_recovers_log_cumhaz_truth	0	12	1	0		
329	PASS	ok	misc::quality_vs_scipy_pit_transformation_normal::transformation_normal_held_out_pit_is_uniform	0	14	1	0	edf=13.690 	
330	GAM_ERROR	gam_fit_failed	misc::quality_vs_scipy_yeojohnson_skewed_positive_transformation::gam_transform_objectively_normalizes_skewed_positive_sample	101	0	0	1	se_floor=4.942807e-2 se_floor=4.942807e-2 	thread 'misc::quality_vs_scipy_yeojohnson_skewed_positive_transformation::gam_transform_objectively_normalizes_skewed_positive_sample' (58429) panicked at tests/quality/misc/quality_vs_scipy_yeojohnson_skewed_positive_transformation.rs:248:57: :: gam transformation-normal fit: Fit(Context { context: 'transformation fit failed', source: CustomFamily(OuterSmoothingFailed { reason: 'outer smoothing o
331	PASS	ok	misc::quality_vs_simplex_dirichlet_regression::gam_dirichlet_regression_recovers_truth	0	1	1	0		
332	METRIC_OFF	quality_metric	misc::quality_vs_simplex_dirichlet_regression::gam_dirichlet_regression_recovers_truth_on_real_data	101	2	0	1	ession.rs:1283:5 nll=-0.9443 nll=-1.8990 	thread 'misc::quality_vs_simplex_dirichlet_regression::gam_dirichlet_regression_recovers_truth_on_real_data' (58526) panicked at tests/quality/misc/quality_vs_simplex_dirichlet_regression.rs:1283:5: :: gam's smooth Dirichlet fit predicts the held-out compositions no better than the train-fitted constant Dirichlet: gam_nll=-0.9443 constant_nll=-1.8990
333	PASS	ok	misc::quality_vs_statsmodels_gam_additive::gam_additive_matches_statsmodels_gam	0	7	1	0	rmse_truth(gam=0.0320 pearson_truth_gam=0.9997 pearson_truth(x1=0.9996 edf=17.599 edf=17.826 rel_l2_vs_sm=0.0347 pearson_joint_vs_sm=0.99937 	
334	PASS	ok	misc::quality_vs_statsmodels_gam_additive::gam_additive_matches_statsmodels_gam_on_real_data	0	2	1	0	edf=8.080 R2=0.9333 rmse=0.0702 rmse=0.0712 	
335	PASS	ok	misc::quality_vs_statsmodels_negbin::gam_negbin_matches_statsmodels_overdispersed_counts	0	2	1	0	edf=4.933 	
336	PASS	ok	misc::quality_vs_statsmodels_negbin::gam_negbin_matches_statsmodels_overdispersed_counts_on_real_data	0	2	1	0	edf=2.499 	
337	PASS	ok	misc::quality_vs_statsmodels_negbin_coefficient_se::negbin_log_coefficient_se_matches_statsmodels_no_theta_inflation	0	2	1	0		
338	PASS	ok	misc::ws4a_end_to_end::ws4a_subsampled_fit_matches_full_data_fit	0	1	1	0		
339	PASS	ok	smooths::quality_spline_scan_vs_mgcv::spline_scan_matches_or_beats_mgcv_on_truth_recovery	0	25	1	0	edf=16.489 edf=16.483 	
340	PASS	ok	smooths::quality_vs_flexsurv_rp_spline::gam_rp_spline_holdout_concordance_matches_or_beats_flexsurvspline_on_cirrhosis	0	2	1	0		
341	PASS	ok	smooths::quality_vs_flexsurv_rp_spline::gam_rp_spline_holdout_concordance_matches_or_beats_flexsurvspline_on_cirrhosis_on_real_data	0	2	1	0		
342	PASS	ok	smooths::quality_vs_inla_smooth_posterior_sd_credible_interval::gam_credible_intervals_are_calibrated_against_truth	0	8	1	0	coverage=0.974 rmse=0.1261 	
343	PASS	ok	smooths::quality_vs_lifelines_smooth_tensor_baseline::gam_tensor_baseline_stratified_heldout_concordance	0	2	1	0	edf=8.077 	
344	PASS	ok	smooths::quality_vs_lme4_mgcv_random_intercept_by_smooth::gam_random_intercept_by_smooth_recovers_truth	0	2	1	0	edf=14.375 edf=14.207 	
345	PASS	ok	smooths::quality_vs_lme4_mgcv_random_intercept_by_smooth::gam_random_intercept_by_smooth_recovers_truth_on_real_data	0	2	1	0	R2=0.6510 rmse=28.3820 rmse=28.0636 rmse=40.7566 R2 0.6510 	
346	PASS	ok	smooths::quality_vs_mgcv_cyclic_cubic::gam_cyclic_cubic_matches_mgcv_on_sine	0	2	1	0		
347	PASS	ok	smooths::quality_vs_mgcv_cyclic_cubic::gam_cyclic_cubic_matches_mgcv_on_sine_on_real_data	0	2	1	0	R2_avg=0.9231 	
348	PASS	ok	smooths::quality_vs_mgcv_cylinder_tensor_cc_ps::gam_cylinder_tensor_cc_ps_recovers_truth_and_mixes_boundaries	0	2	1	0	rmse=0.01543 rmse=0.02861 edf=14.998 edf=13.999 seam_gap=0.000e0 	
349	PASS	ok	smooths::quality_vs_mgcv_cylinder_tensor_cc_ps::gam_cylinder_tensor_cc_ps_recovers_truth_and_mixes_boundaries_on_real_data	0	2	1	0	edf=49.960 edf=44.171 R2=0.9994 rmse=0.5914 rmse=0.8201 	
350	PASS	ok	smooths::quality_vs_mgcv_duchon_2d::gam_duchon_2d_surface_matches_mgcv_ds	0	1	1	0	rmse=0.0211 rmse=0.0233 	
351	PASS	ok	smooths::quality_vs_mgcv_duchon_default_rank::gam_duchon_1d_default_rank_matches_mgcv_moderate_n	0	2	1	0	rmse=0.0092 rmse=0.0108 edf_total=11.9897 edf=27.7481 	
352	PASS	ok	smooths::quality_vs_mgcv_duchon_default_rank::gam_duchon_1d_default_rank_matches_mgcv_small_n	0	1	1	0	rmse=0.0116 rmse=0.0160 edf_total=11.9627 edf=25.3203 	
353	PASS	ok	smooths::quality_vs_mgcv_duchon_default_rank::gam_duchon_2d_default_rank_matches_mgcv_moderate_n	0	3	1	0	rmse=0.0138 rmse=0.0143 edf_total=46.5122 edf=44.6956 	
354	PASS	ok	smooths::quality_vs_mgcv_duchon_default_rank::gam_duchon_2d_default_rank_matches_mgcv_small_n	0	1	1	0	rmse=0.0199 rmse=0.0233 edf_total=28.8007 edf=38.6962 	
355	PASS	ok	smooths::quality_vs_mgcv_duchon_regimes::gam_duchon_1d_heavy_noise_smooth_truth_matches_mgcv	0	2	1	0		
356	PASS	ok	smooths::quality_vs_mgcv_duchon_regimes::gam_duchon_1d_poisson_log_mean_recovery_matches_mgcv	0	9	1	0		
357	PASS	ok	smooths::quality_vs_mgcv_duchon_regimes::gam_duchon_1d_two_component_wave_larger_k_matches_mgcv	0	3	1	0		
358	PASS	ok	smooths::quality_vs_mgcv_duchon_smooth::gam_duchon_1d_matches_mgcv_ds	0	1	1	0	edf_total=19.906 rmse=0.1795 rmse=0.7055 	
359	PASS	ok	smooths::quality_vs_mgcv_factor_smooth_fs::gam_factor_smooth_fs_recovers_truth	0	2	1	0	rmse=0.0507 rmse=0.0575 rmse=0.0549 rmse=0.0581 rmse=0.0554 rmse=0.0546 edf=37.736 edf=39.350 rel_l2_to_mgcv=0.0295 	
360	PASS	ok	smooths::quality_vs_mgcv_factor_smooth_fs::gam_factor_smooth_fs_recovers_truth_on_real_data	0	2	1	0	R2=0.9013 rmse=17.6145 rmse=17.0963 edf=45.605 edf=48.982 	
361	PASS	ok	smooths::quality_vs_mgcv_factor_smooth_sz::gam_factor_smooth_sz_matches_mgcv	0	2	1	0	edf_total=26.601 se_sd=0.2000 rmse_vs_truth=0.04514 rmse_vs_truth=0.04605 rel_l2=0.0207 edf=26.601 	
362	GAM_ERROR	gam_fit_failed	smooths::quality_vs_mgcv_matern_smooth::gam_matern_smooth_recovers_truth	101	0	0	1	rho_dim=4 se_floor=1.999109e-1 	thread 'smooths::quality_vs_mgcv_matern_smooth::gam_matern_smooth_recovers_truth' (60227) panicked at tests/quality/smooths/quality_vs_mgcv_matern_smooth.rs:80:68: :: gam matern fit: Fit(Estimation(Outer smoothing-parameter optimization did not certify a stationary optimum (iso-kappa joint REML): gradient g =1.649e0 Pg =1.649e0 bound=3.842e-2 (rung=curvature-resolvability derived_standard=true) he
363	PASS	ok	smooths::quality_vs_mgcv_matern_smooth::gam_matern_smooth_recovers_truth_on_real_data	0	32	1	0	R2_avg=0.0770 R2_avg=0.0497 	
364	METRIC_OFF	quality_metric	smooths::quality_vs_mgcv_matern_varying_nu::gam_matern_family_recovers_truth_across_nu	101	34	0	1	edf_total=13.8692 edf_total=14.4863 edf_total=14.4540 edf_total=14.4154 edf_total=14.3207 edf_total=14.0486 edf_total=14.2678 edf_total=14.2311 edf_total=14.6902 edf_total=14.2561 edf_total=14.4483 edf_total=14.2681 edf_total=14.2476 edf_total=14.4658 edf_total=13.8951 edf_total=14.3533 edf_total=15.8945 edf_total=14.7290 edf_total=14.0165 edf_total=14.0852 edf_total=14.0345 edf_total=14.1373 edf_total=14.3787 edf_total=14.3247 edf_total=14.1859 rmse_vs_truth=0.0222 rmse_vs_truth=0.0224 pearson_vs_truth=0.99938 edf=14.340 edf=14.456 se_sigma=0.08 edf_total=12.2321 edf_total=13.0149 edf_total=13.3906 edf_total=12.6777 edf_total=12.5303 edf_total=12.5397 edf_total=12.9520 edf_total=12.8055 edf_total=10.7891 edf_total=12.8851 edf_total=12.9914 edf_total=13.0346 edf_total=12.9009 edf_total=13.1905 edf_total=12.5482 edf_total=12.6211 edf_total=14.1331 edf_total=12.4948 edf_total=12.6335 edf_total=12.7162 edf_total=12.2906 edf_total=12.4303 edf_total=12.7900 edf_total=12.4637 edf_total=12.6713 rmse_vs_truth=0.0207 rmse_vs_truth=0.0191 pearson_vs_truth=0.99947 edf=12.709 edf=11.238 se_sigma=0.08 edf_total=11.9150 edf_total=12.5993 edf_total=13.0644 edf_total=12.1867 edf_total=12.1884 edf_total=12.1518 edf_total=12.5283 edf_total=12.3477 edf_total=11.2978 edf_total=12.5158 edf_total=12.4998 edf_total=12.7475 edf_total=12.4610 edf_total=12.8291 edf_total=12.0119 edf_total=12.2043 edf_total=13.8872 edf_total=12.7058 edf_total=12.3215 edf_total=12.3166 edf_total=11.9457 edf_total=11.9834 edf_total=12.3153 edf_total=12.1347 edf_total=12.3420 rmse_vs_truth=0.0204 rmse_vs_truth=0.0195 pearson_vs_truth=0.99949 edf=12.380 edf=10.389 se_sigma=0.08 rel_l2(nu=1.5 	thread 'smooths::quality_vs_mgcv_matern_varying_nu::gam_matern_family_recovers_truth_across_nu' (60326) panicked at crates/gam-linalg-test-support/src/lib.rs:468:5: :: matern nu=2.5: gam is RESOLVED worse than the reference across folds — the paired deficit's one-sided lower bound is +0.02515 > 0 (mean effect +0.07993 = +8.321%, paired SEM 0.01958, effect size +0.816, gam won 6/25 folds). This i
365	PASS	ok	smooths::quality_vs_mgcv_negbin_estimated_theta_smooth::gam_negbin_estimated_theta_smooth_matches_mgcv_nb	0	3	1	0	edf=6.766 edf=8.066 	
366	PASS	ok	smooths::quality_vs_mgcv_pspline_smooth::gam_pspline_generalizes_on_lidar	0	2	1	0	R2_avg=0.9163 	
367	PASS	ok	smooths::quality_vs_mgcv_pspline_smooth::gam_pspline_generalizes_on_lidar_on_real_data	0	2	1	0	R2_avg=0.9263 	
368	PASS	ok	smooths::quality_vs_mgcv_quakes_spatial_smooth::diag_quakes_spatial_1074	0	3	1	0	rho_dim=4 edf=54.8750 rho_dim=4 edf=54.8750 rho=5.694e0 rho_dim=4 rho_dim=4 edf=35.7313 rho=4.798e0 rho_dim=4 rho_step_norm_sq=4.473e1 rho_prev_norm_sq=7.726e1 rho_dim=4 edf=8.6289 rho_dim=4 edf=8.6289 se_workspace_bytes=316800 rho-rho] 10 rho_cols=4 rho_dim=4 rho_dim=4 edf=9.4352 se_workspace_bytes=316800 rho-rho] 10 rho_cols=4 rho=2.119e0 rho_dim=4 rho_dim=4 edf=10.5327 se_workspace_bytes=316800 rho-rho] 10 rho_cols=4 rho=2.162e1 rho_dim=4 rho_dim=4 edf=6.1003 se_workspace_bytes=316800 rho-rho] 10 rho_cols=4 rho=3.294e0 rho_dim=4 rho_dim=4 edf=7.7131 se_workspace_bytes=316800 rho-rho] 10 rho_cols=4 rho=7.141e0 rho_dim=4 rho_step_norm_sq=5.556e0 rho_prev_norm_sq=1.106e1 rho_dim=4 edf=9.0671 se_workspace_bytes=316800 rho-rho] 10 rho_cols=4 rho=6.608e0 rho_dim=4 rho_step_norm_sq=4.860e1 rho_prev_norm_sq=5.378e1 rho_dim=4 edf=9.8951 se_workspace_bytes=316800 rho-rho] 10 rho_cols=4 rho=2.079e0 rho_dim=4 rho_step_norm_sq=1.419e1 rho_prev_norm_sq=4.438e1 rho_dim=4 edf=18.1898 se_workspace_bytes=316800 rho-rho] 10 rho_cols=4 rho_dim=4 rho_dim=4 edf=14.9514 se_workspace_bytes=316800 rho-rho] 10 rho_cols=4 rho=2.174e0 rho_dim=4 rho_step_norm_sq=7.504e-1 rho_prev_norm_sq=3.031e0 rho_dim=4 edf=13.7057 se_workspace_bytes=316800 rho-rho] 10 rho_cols=4 rho=2.275e1 rho_dim=4 rho_dim=4 edf=12.5506 se_workspace_bytes=316800 rho-rho] 10 rho_cols=4 rho_dim=4 rho_dim=4 edf=13.8771 se_workspace_bytes=316800 rho-rho] 10 rho_cols=4 rho_dim=4 rho_dim=4 edf=14.6028 se_workspace_bytes=316800 rho-rho] 10 rho_cols=4 rho=5.560e0 rho_dim=4 rho_step_norm_sq=5.672e-2 rho_prev_norm_sq=1.132e-1 rho_dim=4 edf=14.9827 se_workspace_bytes=316800 rho-rho] 10 rho_cols=4 rho=8.156e0 rho_dim=4 rho_step_norm_sq=4.536e1 rho_prev_norm_sq=3.094e1 rho_dim=4 edf=15.1572 se_workspace_bytes=316800 rho-rho] 10 rho_cols=4 rho=5.579e0 rho_dim=4 rho_step_norm_sq=4.541e1 rho_prev_norm_sq=6.652e1 rho_dim=4 edf=13.4639 se_workspace_bytes=316800 rho-rho] 10 rho_cols=4 rho_dim=4 rho_dim=4 edf=13.4828 se_workspace_bytes=316800 rho-rho] 10 rho_cols=4 rho_dim=4 rho_dim=4 edf=13.5206 se_workspace_bytes=316800 rho-rho] 10 rho_cols=4 rho_dim=4 rho_dim=4 edf=13.5959 se_workspace_bytes=316800 rho-rho] 10 rho_cols=4 rho_dim=4 rho_dim=4 edf=13.7431 se_workspace_bytes=316800 rho-rho] 10 rho_cols=4 rho_dim=4 rho_dim=4 edf=14.0080 se_workspace_bytes=316800 rho-rho] 10 rho_cols=4 rho_dim=4 edf=35.7313 se_workspace_bytes=316800 rho-rho] 10 rho_cols=4 rho_dim=4 rho_dim=4 edf=23.1643 se_workspace_bytes=316800 rho-rho] 10 rho_cols=4 rho=6.446e0 rho_dim=4 rho_step_norm_sq=5.288e0 rho_prev_norm_sq=3.613e0 rho_dim=4 edf=17.6499 se_workspace_bytes=316800 rho-rho] 10 rho_cols=4 rho=1.669e1 rho_dim=4 rho_step_norm_sq=9.263e0 rho_prev_norm_sq=4.602e1 rho_dim=4 edf=13.0489 se_workspace_bytes=316800 rho-rho] 10 rho_cols=4 rho=7.685e0 rho_dim=4 rho_dim=4 edf=14.3019 se_workspace_bytes=316800 rho-rho] 10 rho_cols=4 rho=3.990e0 rho_dim=4 rho_step_norm_sq=3.075e1 rho_prev_norm_sq=5.922e1 rho_dim=4 edf=15.0165 se_workspace_bytes=316800 rho-rho] 10 rho_cols=4 rho=1.436e0 rho_dim=4 rho_step_norm_sq=5.713e0 rho_prev_norm_sq=1.597e1 rho_dim=4 edf=14.9338 se_workspace_bytes=316800 rho-rho] 10 rho_cols=4 rho=1.161e0 rho_dim=4 rho_step_norm_sq=1.665e0 rho_prev_norm_sq=2.073e0 rho_dim=4 edf=14.7152 se_workspace_bytes=316800 rho-rho] 10 rho_cols=4 rho_dim=4 rho_dim=4 edf=14.7560 se_workspace_bytes=316800 rho-rho] 10 rho_cols=4 rho_dim=4 rho_dim=4 edf=14.7613 se_workspace_bytes=316800 rho-rho] 10 rho_cols=4 rho_dim=4 edf=14.7613 rho_dim=4 edf=14.7613 rho_dim=4 edf=54.8750 se_workspace_bytes=316800 rho-rho] 10 rho_cols=4 rho=2.846e0 rho_dim=4 rho_dim=4 edf=38.5459 se_workspace_bytes=316800 rho-rho] 10 rho_cols=4 rho=4.693e0 rho_dim=4 rho_step_norm_sq=1.169e1 rho_prev_norm_sq=9.952e0 rho_dim=4 edf=22.1236 se_workspace_bytes=316800 rho-rho] 10 rho_cols=4 rho=2.782e0 rho_dim=4 rho_step_norm_sq=1.591e1 rho_prev_norm_sq=2.760e1 rho_dim=4 edf=15.7633 se_workspace_bytes=316800 rho-rho] 10 rho_cols=4 rho_dim=4 rho_dim=4 edf=14.8830 se_workspace_bytes=316800 rho-rho] 10 rho_cols=4 rho_dim=4 rho_dim=4 edf=14.7635 se_workspace_bytes=316800 rho-rho] 10 rho_cols=4 rho_dim=4 rho_dim=4 edf=14.7613 se_workspace_bytes=316800 rho-rho] 10 rho_cols=4 rho_dim=4 edf=14.7613 rho_dim=4 edf=14.7613 rho_dim=4 edf=14.7613 se_workspace_bytes=316800 rho-rho] 10 rho_cols=4 rho_dim=4 edf=14.7613 se_workspace_bytes=316800 rho-rho] 10 rho_cols=4 rho_dim=4 edf=14.7613 rho_dim=4 edf=14.7613 se_workspace_bytes=316800 rho-rho] 10 rho_cols=4 rho_dim=4 edf=14.7613 se_workspace_bytes=316800 rho-rho] 10 rho_cols=4 rho=4 rho_dim=4 rho_dim=4 edf=17.9168 rho_dim=4 rho_dim=4 edf=12.4154 rho_dim=4 rho_dim=4 edf=14.9167 rho=1.693e1 rho_dim=4 rho_dim=4 edf=15.5597 rho=1.296e1 rho_dim=4 rho_dim=4 edf=15.0830 rho=2.955e0 rho_dim=4 rho_step_norm_sq=3.866e1 rho_prev_norm_sq=1.696e2 rho_dim=4 edf=14.9682 rho_dim=4 rho_dim=4 edf=15.0179 rho=5.744e0 rho_dim=4 rho_dim=4 edf=14.4629 rho_dim=4 rho_dim=4 edf=14.5887 rho_dim=4 rho_dim=4 edf=12.3207 rho_dim=4 rho_dim=4 edf=13.1104 rho_dim=4 rho_dim=4 edf=17.6395 rho=2.448e1 rho_dim=4 rho_dim=4 edf=57.6995 rho=2.083e1 rho_dim=4 rho_dim=4 edf=36.8442 rho=3.598e0 rho_dim=4 rho_step_norm_sq=1.117e2 rho_prev_norm_sq=6.466e2 rho_dim=4 edf=17.8315 rho_dim=4 rho_dim=4 edf=22.6820 rho_dim=4 rho_dim=4 edf=19.0631 rho_dim=4 rho_dim=4 edf=20.9063 rho_dim=4 rho_dim=4 edf=13.1238 rho=2.027e0 rho_dim=4 rho_dim=4 edf=16.4881 rho_dim=4 rho_dim=4 edf=22.5648 rho=3.152e0 rho_dim=4 rho_dim=4 edf=11.1731 rho=5.098e0 rho_dim=4 rho_dim=4 edf=15.5290 rho=1.014e1 rho_dim=4 rho_dim=4 edf=14.5598 rho=5.227e0 rho_dim=4 rho_dim=4 edf=9.4566 rho=4.079e0 rho_dim=4 rho_dim=4 edf=24.0605 rho=2.199e0 rho_dim=4 rho_dim=4 edf=11.9115 rho=4.054e0 rho_dim=4 rho_dim=4 edf=18.9525 rho_var=3.114e0 rho_dim=4 edf=14.7613 se_workspace_bytes=316800 rho-rho] 10 rho_cols=4 rho=2.197e0 rho_dim=4 rho_dim=4 edf=10.1772 rho=2.046e0 rho_dim=4 rho_dim=4 edf=16.3005 rho=3.748e0 rho_dim=4 rho_dim=4 edf=13.3995 rho_dim=4 rho_dim=4 edf=18.7908 rho=5.602e0 rho_dim=4 rho_dim=4 edf=11.6825 rho_dim=4 rho_dim=4 edf=8.3339 rho=2.963e0 rho_dim=4 rho_step_norm_sq=1.253e0 rho_prev_norm_sq=3.951e0 rho_dim=4 edf=9.3930 rho_dim=4 rho_dim=4 edf=12.1142 rho_dim=4 rho_dim=4 edf=14.9687 rho_dim=4 rho_dim=4 edf=13.5135 rho=3.442e0 rho_dim=4 rho_dim=4 edf=14.3470 rho=4.598e0 rho_dim=4 rho_dim=4 edf=11.8986 rho=2.396e0 rho_dim=4 rho_dim=4 edf=14.1361 rho=3.397e0 rho_dim=4 rho_dim=4 edf=10.7204 rho=3.099e0 rho_dim=4 rho_dim=4 edf=14.8005 rho=3.763e0 rho_dim=4 rho_dim=4 edf=18.2693 rho=3.689e0 rho_dim=4 rho_dim=4 edf=15.7224 rho=2.358e0 rho_dim=4 rho_dim=4 edf=14.4473 rho=4.245e0 rho_dim=4 rho_dim=4 edf=13.0996 rho_dim=4 rho_dim=4 edf=16.8994 rho_dim=4 rho_dim=4 edf=13.6639 rho=4.628e0 rho_dim=4 rho_dim=4 edf=12.2269 rho=2.444e0 rho_dim=4 rho_dim=4 edf=17.2905 rho_dim=4 rho_dim=4 edf=14.5106 rho=3.401e0 rho_dim=4 rho_dim=4 edf=12.6979 rho_dim=4 rho_dim=4 edf=15.1918 rho_dim=4 rho_dim=4 edf=15.4534 rho=3.703e0 rho_dim=4 rho_dim=4 edf=17.4809 rho=2.265e0 rho_dim=4 rho_dim=4 edf=14.4878 rho=2.726e0 rho_dim=4 rho_step_norm_sq=4.103e0 rho_prev_norm_sq=7.736e0 rho_dim=4 edf=12.8022 rho=3.654e0 rho_dim=4 rho_dim=4 edf=14.4174 rho=2.943e0 rho_dim=4 rho_dim=4 edf=10.2503 rho=2.125e0 rho_dim=4 rho_dim=4 edf=19.2531 rho=3.253e0 rho_dim=4 rho_dim=4 edf=12.5518 rho=2.514e0 rho_dim=4 rho_dim=4 edf=20.7965 rho=3.786e0 rho_dim=4 rho_dim=4 edf=16.5831 rho=4.073e0 rho_dim=4 rho_dim=4 edf=18.3319 rho=2.890e0 rho_dim=4 rho_dim=4 edf=12.4672 rho=3.137e0 rho_dim=4 rho_dim=4 edf=12.0014 rho_dim=4 rho_dim=4 edf=10.6016 rho_dim=4 rho_dim=4 edf=10.9000 rho_dim=4 rho_dim=4 edf=13.2313 rho=2.531e0 rho_dim=4 rho_dim=4 edf=20.6658 rho_dim=4 rho_dim=4 edf=21.2941 rho_dim=4 rho_dim=4 edf=13.7974 rho=3.845e0 rho_dim=4 rho_dim=4 edf=21.4733 rho=3.687e0 rho_dim=4 rho_dim=4 edf=21.3801 rho=2.043e0 rho_dim=4 rho_dim=4 edf=13.2997 rho=2.413e0 rho_dim=4 rho_step_norm_sq=1.208e0 rho_prev_norm_sq=7.767e0 rho_dim=4 edf=24.1112 rho=3.270e0 rho_dim=4 rho_dim=4 edf=18.3795 rho_dim=4 rho_dim=4 edf=13.9125 rho_dim=4 rho_dim=4 edf=10.3757 rho=3.311e0 rho_dim=4 rho_dim=4 edf=24.1739 rho=3.422e0 rho_dim=4 rho_dim=4 edf=9.8329 rho_dim=4 rho_dim=4 edf=14.3394 rho=2.635e0 rho_dim=4 rho_dim=4 edf=21.4818 rho_dim=4 rho_dim=4 edf=19.3065 rho_dim=4 rho_dim=4 edf=16.4123 rho_dim=4 rho_dim=4 edf=16.7836 rho=2.916e0 rho_dim=4 rho_dim=4 edf=15.5900 rho_dim=4 rho_dim=4 edf=12.1324 rho_dim=4 rho_dim=4 edf=8.8780 rho_dim=4 rho_dim=4 edf=10.2867 rho=3.704e0 rho_dim=4 rho_dim=4 edf=17.7308 edf_total=14.761 R2=0.1260 rho_dim=3 edf=55.7868 rho_dim=3 edf=55.7868 rho=5.694e0 rho_dim=3 rho_dim=3 edf=37.5683 rho=4.740e0 rho_dim=3 rho_step_norm_sq=3.082e1 rho_prev_norm_sq=6.449e1 rho_dim=3 edf=10.7792 rho_dim=3 edf=10.7792 se_workspace_bytes=259200 rho-rho] 6 rho_cols=3 rho_dim=3 rho_dim=3 edf=13.1640 se_workspace_bytes=259200 rho-rho] 6 rho_cols=3 rho_dim=3 rho_dim=3 edf=16.8672 se_workspace_bytes=259200 rho-rho] 6 rho_cols=3 rho_dim=3 rho_dim=3 edf=15.8089 se_workspace_bytes=259200 rho-rho] 6 rho_cols=3 rho=1.024e1 rho_dim=3 rho_dim=3 edf=14.8474 se_workspace_bytes=259200 rho-rho] 6 rho_cols=3 rho=4.670e0 rho_dim=3 rho_dim=3 edf=15.4290 se_workspace_bytes=259200 rho-rho] 6 rho_cols=3 rho=3.023e0 rho_dim=3 rho_step_norm_sq=1.411e1 rho_prev_norm_sq=2.183e1 rho_dim=3 edf=14.8233 se_workspace_bytes=259200 rho-rho] 6 rho_cols=3 rho=2.368e0 rho_dim=3 rho_dim=3 edf=14.4904 se_workspace_bytes=259200 rho-rho] 6 rho_cols=3 rho_dim=3 rho_dim=3 edf=15.0178 se_workspace_bytes=259200 rho-rho] 6 rho_cols=3 rho_dim=3 rho_dim=3 edf=15.0118 se_workspace_bytes=259200 rho-rho] 6 rho_cols=3 rho_dim=3 rho_dim=3 edf=15.0209 se_workspace_bytes=259200 rho-rho] 6 rho_cols=3 rho_dim=3 edf=15.0209 rho_dim=3 edf=15.0209 rho_dim=3 edf=37.5683 se_workspace_bytes=259200 rho-rho] 6 rho_cols=3 rho_dim=3 rho_dim=3 edf=25.5840 se_workspace_bytes=259200 rho-rho] 6 rho_cols=3 rho=2.162e0 rho_dim=3 rho_step_norm_sq=3.820e0 rho_prev_norm_sq=3.452e0 rho_dim=3 edf=17.7814 se_workspace_bytes=259200 rho-rho] 6 rho_cols=3 rho=1.325e1 rho_dim=3 rho_step_norm_sq=8.823e0 rho_prev_norm_sq=6.102e0 rho_dim=3 edf=14.6770 se_workspace_bytes=259200 rho-rho] 6 rho_cols=3 rho=6.029e0 rho_dim=3 rho_dim=3 edf=15.4652 se_workspace_bytes=259200 rho-rho] 6 rho_cols=3 rho=3.121e0 rho_dim=3 rho_step_norm_sq=1.884e1 rho_prev_norm_sq=3.639e1 rho_dim=3 edf=15.8529 se_workspace_bytes=259200 rho-rho] 6 rho_cols=3 rho_dim=3 rho_dim=3 edf=15.0524 se_workspace_bytes=259200 rho-rho] 6 rho_cols=3 rho_dim=3 rho_dim=3 edf=15.0162 se_workspace_bytes=259200 rho-rho] 6 rho_cols=3 rho_dim=3 rho_dim=3 edf=15.0209 se_workspace_bytes=259200 rho-rho] 6 rho_cols=3 rho_dim=3 edf=15.0209 rho_dim=3 edf=15.0209 rho_dim=3 edf=55.7868 se_workspace_bytes=259200 rho-rho] 6 rho_cols=3 rho=2.865e0 rho_dim=3 rho_dim=3 edf=38.9859 se_workspace_bytes=259200 rho-rho] 6 rho_cols=3 rho=4.716e0 rho_dim=3 rho_step_norm_sq=1.088e1 rho_prev_norm_sq=9.673e0 rho_dim=3 edf=22.4228 se_workspace_bytes=259200 rho-rho] 6 rho_cols=3 rho=2.766e0 rho_dim=3 rho_step_norm_sq=1.563e1 rho_prev_norm_sq=2.606e1 rho_dim=3 edf=15.9929 se_workspace_bytes=259200 rho-rho] 6 rho_cols=3 rho_dim=3 rho_dim=3 edf=15.1340 se_workspace_bytes=259200 rho-rho] 6 rho_cols=3 rho_dim=3 rho_dim=3 edf=15.0228 se_workspace_bytes=259200 rho-rho] 6 rho_cols=3 rho_dim=3 rho_dim=3 edf=15.0209 se_workspace_bytes=259200 rho-rho] 6 rho_cols=3 rho_dim=3 edf=15.0209 rho_dim=3 edf=15.0209 rho_dim=3 edf=15.0209 se_workspace_bytes=259200 rho-rho] 6 rho_cols=3 rho_dim=3 edf=15.0209 se_workspace_bytes=259200 rho-rho] 6 rho_cols=3 rho_dim=3 edf=15.0209 rho_dim=3 edf=15.0209 se_workspace_bytes=259200 rho-rho] 6 rho_cols=3 rho_dim=3 edf=15.0209 se_workspace_bytes=259200 rho-rho] 6 rho_cols=3 rho=3 rho_dim=3 rho_dim=3 edf=18.4887 rho_dim=3 rho_dim=3 edf=12.4868 rho_dim=3 rho_dim=3 edf=15.0705 rho=1.701e1 rho_dim=3 rho_dim=3 edf=14.7926 rho=1.299e1 rho_dim=3 rho_dim=3 edf=14.9865 rho=3.009e0 rho_dim=3 rho_step_norm_sq=3.930e1 rho_prev_norm_sq=1.697e2 rho_dim=3 edf=15.0573 rho_dim=3 rho_dim=3 edf=15.0298 rho=5.862e0 rho_dim=3 rho_dim=3 edf=14.8262 rho_dim=3 rho_dim=3 edf=14.9066 rho_dim=3 rho_dim=3 edf=12.4190 rho_dim=3 rho_dim=3 edf=13.2484 rho_dim=3 rho_dim=3 edf=18.1147 rho=2.451e1 rho_dim=3 rho_dim=3 edf=59.0676 rho=2.090e1 rho_dim=3 rho_dim=3 edf=39.3344 rho=3.594e0 rho_dim=3 rho_step_norm_sq=1.191e2 rho_prev_norm_sq=6.927e2 rho_dim=3 edf=18.1471 rho_dim=3 rho_dim=3 edf=23.4040 rho_dim=3 rho_dim=3 edf=19.4807 rho_dim=3 rho_dim=3 edf=21.4976 rho=2.355e0 rho_dim=3 rho_dim=3 edf=22.4847 rho=2.890e0 rho_dim=3 rho_dim=3 edf=11.6685 rho=4.602e0 rho_dim=3 rho_dim=3 edf=15.6265 rho=8.988e0 rho_dim=3 rho_dim=3 edf=15.3284 rho=4.590e0 rho_dim=3 rho_dim=3 edf=10.1988 rho=3.376e0 rho_dim=3 rho_dim=3 edf=23.6329 rho_var=3.281e0 rho_dim=3 edf=15.0209 se_workspace_bytes=259200 rho-rho] 6 rho_cols=3 rho=2.652e0 rho_dim=3 rho_dim=3 edf=10.5177 rho=2.565e0 rho_dim=3 rho_dim=3 edf=15.0872 rho_dim=3 rho_dim=3 edf=16.5389 rho=2.009e0 rho_dim=3 rho_step_norm_sq=6.962e-1 rho_prev_norm_sq=3.551e0 rho_dim=3 edf=13.2342 rho_dim=3 rho_dim=3 edf=19.3888 rho=2.351e0 rho_dim=3 rho_dim=3 edf=9.3576 rho=4.123e0 rho_dim=3 rho_dim=3 edf=22.8033 rho=6.392e0 rho_dim=3 rho_dim=3 edf=12.6411 rho=3.546e0 rho_dim=3 rho_dim=3 edf=9.7968 rho_dim=3 rho_dim=3 edf=13.2598 rho_dim=3 rho_dim=3 edf=14.6815 rho_dim=3 rho_dim=3 edf=13.5268 rho_dim=3 rho_dim=3 edf=13.6565 rho=2.297e0 rho_dim=3 rho_dim=3 edf=20.5611 rho=2.993e0 rho_dim=3 rho_dim=3 edf=13.9270 rho=4.660e0 rho_dim=3 rho_dim=3 edf=17.2659 rho=4.809e0 rho_dim=3 rho_dim=3 edf=14.6072 rho=3.168e0 rho_dim=3 rho_dim=3 edf=16.5037 rho=2.978e0 rho_dim=3 rho_dim=3 edf=23.0956 rho_dim=3 rho_dim=3 edf=14.9914 rho_dim=3 rho_dim=3 edf=18.1465 rho_dim=3 rho_dim=3 edf=25.0915 rho_dim=3 rho_dim=3 edf=20.4495 rho_dim=3 rho_dim=3 edf=24.2065 rho_dim=3 rho_dim=3 edf=14.0185 rho=2.540e0 rho_dim=3 rho_dim=3 edf=17.8208 rho_dim=3 rho_dim=3 edf=18.7312 rho_dim=3 rho_dim=3 edf=16.9358 rho=2.083e0 rho_dim=3 rho_dim=3 edf=13.1006 rho_dim=3 rho_dim=3 edf=9.3058 rho=2.147e0 rho_dim=3 rho_dim=3 edf=15.3335 rho_dim=3 rho_dim=3 edf=16.3557 rho_dim=3 rho_dim=3 edf=12.8502 rho=2.011e0 rho_dim=3 rho_dim=3 edf=19.1741 rho_dim=3 rho_dim=3 edf=13.7224 rho=2.036e0 rho_dim=3 rho_dim=3 edf=14.0380 rho=3.259e0 rho_dim=3 rho_dim=3 edf=17.4190 rho_dim=3 rho_dim=3 edf=20.9714 rho=2.556e0 rho_dim=3 rho_dim=3 edf=10.6701 rho_dim=3 rho_dim=3 edf=14.3550 rho=5.444e0 rho_dim=3 rho_dim=3 edf=13.9353 rho=2.461e0 rho_dim=3 rho_dim=3 edf=18.9198 rho=2.057e0 rho_dim=3 rho_dim=3 edf=11.1153 rho=2.000e0 rho_dim=3 rho_dim=3 edf=11.4745 rho=2.127e0 rho_dim=3 rho_dim=3 edf=13.0155 rho=2.793e0 rho_dim=3 rho_dim=3 edf=17.2567 rho_dim=3 rho_dim=3 edf=10.6945 rho=4.156e0 rho_dim=3 rho_step_norm_sq=3.586e0 rho_prev_norm_sq=5.456e0 rho_dim=3 edf=13.6108 rho=6.966e0 rho_dim=3 rho_dim=3 edf=19.8908 rho_dim=3 rho_dim=3 edf=15.9491 rho=2.500e0 rho_dim=3 rho_step_norm_sq=4.422e0 rho_prev_norm_sq=6.206e0 rho_dim=3 edf=16.7907 rho_dim=3 rho_dim=3 edf=11.6598 rho_dim=3 rho_dim=3 edf=11.0122 rho=2.690e0 rho_dim=3 rho_dim=3 edf=13.9510 rho=2.090e0 rho_dim=3 rho_dim=3 edf=12.6024 rho_dim=3 rho_dim=3 edf=11.9980 rho=2.569e0 rho_dim=3 rho_dim=3 edf=20.5453 rho_dim=3 rho_dim=3 edf=19.2736 rho_dim=3 rho_dim=3 edf=22.8755 rho_dim=3 rho_dim=3 edf=16.7722 rho=2.976e0 rho_dim=3 rho_dim=3 edf=21.7033 rho=2.827e0 rho_dim=3 rho_step_norm_sq=3.233e0 rho_prev_norm_sq=1.043e1 rho_dim=3 edf=10.7693 rho=2.502e0 rho_dim=3 rho_dim=3 edf=20.0732 rho_dim=3 rho_dim=3 edf=15.4108 edf_total=15.021 R2=0.1262 rho_dim=2 edf=44.8364 rho_dim=2 edf=44.8364 rho=3.573e0 rho_dim=2 rho_dim=2 edf=30.8009 rho_dim=2 rho_dim=2 edf=17.5447 rho_dim=2 edf=17.5447 se_workspace_bytes=134456 rho-rho] 3 rho_cols=2 rho_dim=2 rho_dim=2 edf=17.1835 se_workspace_bytes=134456 rho-rho] 3 rho_cols=2 rho=7.057e0 rho_dim=2 rho_dim=2 edf=19.1177 se_workspace_bytes=134456 rho-rho] 3 rho_cols=2 rho_dim=2 rho_dim=2 edf=19.3878 se_workspace_bytes=134456 rho-rho] 3 rho_cols=2 rho_dim=2 rho_dim=2 edf=19.4286 se_workspace_bytes=134456 rho-rho] 3 rho_cols=2 rho_dim=2 rho_dim=2 edf=19.4342 se_workspace_bytes=134456 rho-rho] 3 rho_cols=2 rho_dim=2 rho_dim=2 edf=19.4344 se_workspace_bytes=134456 rho-rho] 3 rho_cols=2 rho_dim=2 edf=19.4344 rho_dim=2 edf=19.4344 rho_dim=2 edf=30.8009 se_workspace_bytes=134456 rho-rho] 3 rho_cols=2 rho_dim=2 rho_dim=2 edf=20.5832 se_workspace_bytes=134456 rho-rho] 3 rho_cols=2 rho=1.218e1 rho_dim=2 rho_dim=2 edf=20.2307 se_workspace_bytes=134456 rho-rho] 3 rho_cols=2 rho=2.165e0 rho_dim=2 rho_dim=2 edf=19.6419 se_workspace_bytes=134456 rho-rho] 3 rho_cols=2 rho=4.028e0 rho_dim=2 rho_dim=2 edf=19.5145 se_workspace_bytes=134456 rho-rho] 3 rho_cols=2 rho_dim=2 rho_dim=2 edf=19.4132 se_workspace_bytes=134456 rho-rho] 3 rho_cols=2 rho_dim=2 rho_dim=2 edf=19.4330 se_workspace_bytes=134456 rho-rho] 3 rho_cols=2 rho_dim=2 rho_dim=2 edf=19.4344 se_workspace_bytes=134456 rho-rho] 3 rho_cols=2 rho_dim=2 rho_dim=2 edf=19.4344 se_workspace_bytes=134456 rho-rho] 3 rho_cols=2 rho_dim=2 edf=19.4344 rho_dim=2 edf=19.4344 rho_dim=2 edf=44.8364 se_workspace_bytes=134456 rho-rho] 3 rho_cols=2 rho=2.894e0 rho_dim=2 rho_dim=2 edf=29.1158 se_workspace_bytes=134456 rho-rho] 3 rho_cols=2 rho_dim=2 rho_dim=2 edf=20.0130 se_workspace_bytes=134456 rho-rho] 3 rho_cols=2 rho_dim=2 rho_dim=2 edf=19.4383 se_workspace_bytes=134456 rho-rho] 3 rho_cols=2 rho_dim=2 rho_dim=2 edf=19.4341 se_workspace_bytes=134456 rho-rho] 3 rho_cols=2 rho_dim=2 rho_dim=2 edf=19.4344 se_workspace_bytes=134456 rho-rho] 3 rho_cols=2 rho_dim=2 edf=19.4344 rho_dim=2 edf=19.4344 rho_dim=2 edf=19.4344 se_workspace_bytes=134456 rho-rho] 3 rho_cols=2 rho_dim=2 edf=19.4344 se_workspace_bytes=134456 rho-rho] 3 rho_cols=2 rho_dim=2 edf=19.4344 rho_dim=2 edf=19.4344 se_workspace_bytes=134456 rho-rho] 3 rho_cols=2 rho_dim=2 edf=19.4344 se_workspace_bytes=134456 rho-rho] 3 rho_cols=2 rho=2 rho_dim=2 rho_dim=2 edf=16.6471 rho_dim=2 rho_dim=2 edf=22.5349 rho_dim=2 rho_dim=2 edf=23.5586 rho_dim=2 rho_dim=2 edf=19.2293 rho=2.124e0 rho_dim=2 rho_dim=2 edf=19.5394 rho_dim=2 rho_dim=2 edf=19.5154 rho_dim=2 rho_dim=2 edf=15.2271 rho_dim=2 rho_dim=2 edf=24.8994 rho_dim=2 rho_dim=2 edf=19.3718 rho=2.572e0 rho_dim=2 rho_dim=2 edf=19.7809 rho_var=1.127e0 rho_dim=2 edf=19.4344 se_workspace_bytes=134456 rho-rho] 3 rho_cols=2 rho_dim=2 rho_dim=2 edf=15.9016 rho_dim=2 rho_dim=2 edf=17.4790 rho_dim=2 rho_dim=2 edf=20.2568 rho_dim=2 rho_dim=2 edf=20.3839 rho_dim=2 rho_dim=2 edf=18.7803 rho_dim=2 rho_dim=2 edf=16.9252 rho=2.199e0 rho_dim=2 rho_dim=2 edf=22.3098 rho=2.922e0 rho_dim=2 rho_dim=2 edf=17.9883 rho_dim=2 rho_dim=2 edf=16.1098 rho_dim=2 rho_dim=2 edf=24.4581 rho=2.317e0 rho_dim=2 rho_dim=2 edf=13.5524 rho=2.091e0 rho_dim=2 rho_dim=2 edf=19.5079 rho_dim=2 rho_dim=2 edf=15.2201 rho_dim=2 rho_dim=2 edf=17.5074 rho_dim=2 rho_dim=2 edf=17.5378 rho_dim=2 rho_dim=2 edf=19.1851 rho_dim=2 rho_dim=2 edf=19.6409 rho_dim=2 rho_dim=2 edf=16.9753 rho_dim=2 rho_dim=2 edf=18.4959 rho_dim=2 rho_dim=2 edf=18.3607 rho_dim=2 rho_dim=2 edf=19.2684 rho_dim=2 rho_dim=2 edf=18.7249 rho_dim=2 rho_dim=2 edf=17.2528 rho_dim=2 rho_dim=2 edf=16.2135 rho_dim=2 rho_dim=2 edf=18.8734 rho_dim=2 rho_dim=2 edf=17.0226 rho_dim=2 rho_dim=2 edf=15.3387 rho=2.935e0 rho_dim=2 rho_dim=2 edf=24.4298 rho_dim=2 rho_dim=2 edf=19.3070 rho_dim=2 rho_dim=2 edf=22.3992 rho_dim=2 rho_dim=2 edf=21.3906 rho_dim=2 rho_dim=2 edf=21.5379 rho_dim=2 rho_dim=2 edf=19.9064 rho_dim=2 rho_dim=2 edf=22.9194 rho=2.080e0 rho_dim=2 rho_dim=2 edf=19.2470 rho=2.346e0 rho_dim=2 rho_dim=2 edf=15.9435 rho_dim=2 rho_dim=2 edf=18.4234 rho=2.858e0 rho_dim=2 rho_dim=2 edf=16.5366 rho_dim=2 rho_dim=2 edf=20.8053 rho_dim=2 rho_dim=2 edf=21.9507 rho_dim=2 rho_dim=2 edf=18.4399 rho_dim=2 rho_dim=2 edf=20.3304 rho_dim=2 rho_dim=2 edf=18.0642 rho_dim=2 rho_dim=2 edf=17.5991 rho_dim=2 rho_dim=2 edf=21.3043 rho_dim=2 rho_dim=2 edf=19.6357 rho_dim=2 rho_dim=2 edf=19.5352 rho_dim=2 rho_dim=2 edf=16.0735 rho_dim=2 rho_dim=2 edf=17.9133 rho_dim=2 rho_dim=2 edf=16.5587 rho_dim=2 rho_dim=2 edf=19.7548 rho_dim=2 rho_dim=2 edf=18.4354 rho_dim=2 rho_dim=2 edf=20.0603 rho_dim=2 rho_dim=2 edf=20.7280 rho=2.217e0 rho_dim=2 rho_dim=2 edf=20.8775 rho_dim=2 rho_dim=2 edf=22.3176 rho_dim=2 rho_dim=2 edf=19.2156 rho_dim=2 rho_dim=2 edf=15.8459 rho_dim=2 rho_dim=2 edf=18.3837 rho_dim=2 rho_dim=2 edf=16.4185 rho_dim=2 rho_dim=2 edf=18.4441 rho_dim=2 rho_dim=2 edf=25.1890 rho_dim=2 rho_dim=2 edf=16.0724 rho_dim=2 rho_dim=2 edf=16.2915 edf_total=19.434 R2=0.0888 rho_dim=2 edf=11.4784 rho_dim=2 edf=11.4784 rho=5.694e0 rho_dim=2 rho_dim=2 edf=6.6803 rho=2.264e0 rho_dim=2 rho_step_norm_sq=2.109e1 rho_prev_norm_sq=5.848e1 rho_dim=2 edf=4.2265 rho_dim=2 edf=4.2265 se_workspace_bytes=8064 rho-rho] 3 rho_cols=2 rho_dim=2 rho_dim=2 edf=4.1428 se_workspace_bytes=8064 rho-rho] 3 rho_cols=2 rho_dim=2 rho_dim=2 edf=4.1618 se_workspace_bytes=8064 rho-rho] 3 rho_cols=2 rho=2.129e1 rho_dim=2 rho_dim=2 edf=2.0173 se_workspace_bytes=8064 rho-rho] 3 rho_cols=2 rho=3.379e0 rho_dim=2 rho_dim=2 edf=2.3795 se_workspace_bytes=8064 rho-rho] 3 rho_cols=2 rho=7.929e0 rho_dim=2 rho_step_norm_sq=3.189e1 rho_prev_norm_sq=2.219e1 rho_dim=2 edf=3.0798 se_workspace_bytes=8064 rho-rho] 3 rho_cols=2 rho=4.178e0 rho_dim=2 rho_step_norm_sq=3.472e1 rho_prev_norm_sq=6.587e1 rho_dim=2 edf=3.5938 se_workspace_bytes=8064 rho-rho] 3 rho_cols=2 rho_dim=2 rho_dim=2 edf=3.9052 se_workspace_bytes=8064 rho-rho] 3 rho_cols=2 rho_dim=2 rho_dim=2 edf=4.1275 se_workspace_bytes=8064 rho-rho] 3 rho_cols=2 rho_dim=2 rho_dim=2 edf=4.1655 se_workspace_bytes=8064 rho-rho] 3 rho_cols=2 rho_dim=2 rho_dim=2 edf=4.1662 se_workspace_bytes=8064 rho-rho] 3 rho_cols=2 rho_dim=2 edf=4.1662 rho_dim=2 edf=4.1662 rho_dim=2 edf=6.6803 se_workspace_bytes=8064 rho-rho] 3 rho_cols=2 rho_dim=2 rho_dim=2 edf=5.5308 se_workspace_bytes=8064 rho-rho] 3 rho_cols=2 rho=3.911e0 rho_dim=2 rho_dim=2 edf=4.3554 se_workspace_bytes=8064 rho-rho] 3 rho_cols=2 rho_dim=2 rho_dim=2 edf=4.1559 se_workspace_bytes=8064 rho-rho] 3 rho_cols=2 rho_dim=2 rho_dim=2 edf=4.1661 se_workspace_bytes=8064 rho-rho] 3 rho_cols=2 rho_dim=2 rho_dim=2 edf=4.1662 se_workspace_bytes=8064 rho-rho] 3 rho_cols=2 rho_dim=2 edf=4.1662 rho_dim=2 edf=4.1662 rho_dim=2 edf=11.4784 se_workspace_bytes=8064 rho-rho] 3 rho_cols=2 rho_dim=2 rho_dim=2 edf=10.6182 se_workspace_bytes=8064 rho-rho] 3 rho_cols=2 rho=4.121e0 rho_dim=2 rho_dim=2 edf=6.2184 se_workspace_bytes=8064 rho-rho] 3 rho_cols=2 rho=2.491e0 rho_dim=2 rho_step_norm_sq=1.105e1 rho_prev_norm_sq=1.783e1 rho_dim=2 edf=3.9294 se_workspace_bytes=8064 rho-rho] 3 rho_cols=2 rho_dim=2 rho_dim=2 edf=4.1476 se_workspace_bytes=8064 rho-rho] 3 rho_cols=2 rho_dim=2 rho_dim=2 edf=4.1660 se_workspace_bytes=8064 rho-rho] 3 rho_cols=2 rho_dim=2 rho_dim=2 edf=4.1662 se_workspace_bytes=8064 rho-rho] 3 rho_cols=2 rho_dim=2 edf=4.1662 rho_dim=2 edf=4.1662 rho_dim=2 edf=4.1662 se_workspace_bytes=8064 rho-rho] 3 rho_cols=2 rho_dim=2 edf=4.1662 se_workspace_bytes=8064 rho-rho] 3 rho_cols=2 rho_dim=2 edf=4.1662 rho_dim=2 edf=4.1662 se_workspace_bytes=8064 rho-rho] 3 rho_cols=2 rho_dim=2 edf=4.1662 se_workspace_bytes=8064 rho-rho] 3 rho_cols=2 rho=2 rho_dim=2 rho_dim=2 edf=3.9200 rho_dim=2 rho_dim=2 edf=4.0343 rho=2.493e0 rho_dim=2 rho_dim=2 edf=4.3175 rho=1.692e1 rho_dim=2 rho_dim=2 edf=5.7087 rho=1.311e1 rho_dim=2 rho_dim=2 edf=4.6060 rho=2.634e0 rho_dim=2 rho_step_norm_sq=3.481e1 rho_prev_norm_sq=1.733e2 rho_dim=2 edf=4.4096 rho_dim=2 rho_dim=2 edf=4.4914 rho=3.743e0 rho_dim=2 rho_dim=2 edf=3.5328 rho_dim=2 rho_dim=2 edf=3.7088 rho_dim=2 rho_dim=2 edf=4.9393 rho=9.522e0 rho_dim=2 rho_dim=2 edf=11.1777 rho=7.012e0 rho_dim=2 rho_dim=2 edf=7.6133 rho_dim=2 rho_dim=2 edf=6.4089 rho_dim=2 rho_dim=2 edf=6.0157 rho_dim=2 rho_dim=2 edf=5.8413 rho=2.504e0 rho_dim=2 rho_dim=2 edf=3.8885 rho=6.735e0 rho_dim=2 rho_dim=2 edf=4.7678 rho=3.208e0 rho_dim=2 rho_dim=2 edf=3.2735 rho=3.600e0 rho_dim=2 rho_dim=2 edf=6.2076 rho_var=2.445e0 rho_dim=2 edf=4.1662 se_workspace_bytes=8064 rho-rho] 3 rho_cols=2 rho=3.406e0 rho_dim=2 rho_dim=2 edf=3.3472 rho_dim=2 rho_dim=2 edf=3.7093 rho_dim=2 rho_dim=2 edf=4.4396 rho_dim=2 rho_dim=2 edf=4.5038 rho=2.342e0 rho_dim=2 rho_dim=2 edf=3.9665 rho_dim=2 rho_dim=2 edf=3.4556 rho=3.231e0 rho_dim=2 rho_dim=2 edf=5.0097 rho=4.292e0 rho_dim=2 rho_dim=2 edf=3.5318 rho=2.677e0 rho_dim=2 rho_dim=2 edf=3.4126 rho=2.756e0 rho_dim=2 rho_step_norm_sq=4.287e0 rho_prev_norm_sq=7.611e0 rho_dim=2 edf=5.6557 rho=3.794e0 rho_dim=2 rho_dim=2 edf=2.8149 rho=3.072e0 rho_dim=2 rho_dim=2 edf=4.2925 rho=2.604e0 rho_dim=2 rho_dim=2 edf=3.1866 rho_dim=2 rho_dim=2 edf=3.6760 rho_dim=2 rho_dim=2 edf=3.6395 rho_dim=2 rho_dim=2 edf=4.0757 rho_dim=2 rho_dim=2 edf=4.1701 rho_dim=2 rho_dim=2 edf=3.6273 rho_dim=2 rho_dim=2 edf=3.9119 rho=2.190e0 rho_dim=2 rho_dim=2 edf=3.9996 rho_dim=2 rho_dim=2 edf=4.2028 rho=2.638e0 rho_dim=2 rho_dim=2 edf=3.8754 rho=2.096e0 rho_dim=2 rho_dim=2 edf=3.7008 rho_dim=2 rho_dim=2 edf=3.5328 rho_dim=2 rho_dim=2 edf=4.1635 rho=2.108e0 rho_dim=2 rho_dim=2 edf=3.6422 rho=2.625e0 rho_dim=2 rho_step_norm_sq=6.006e0 rho_prev_norm_sq=4.968e0 rho_dim=2 edf=3.0768 rho=4.312e0 rho_dim=2 rho_dim=2 edf=5.6462 rho=2.462e0 rho_dim=2 rho_dim=2 edf=4.1269 rho_dim=2 rho_dim=2 edf=4.8731 rho=2.159e0 rho_dim=2 rho_dim=2 edf=4.7656 rho_dim=2 rho_dim=2 edf=4.8611 rho=2.707e0 rho_dim=2 rho_dim=2 edf=4.2971 rho_dim=2 rho_dim=2 edf=5.0180 rho=3.056e0 rho_dim=2 rho_dim=2 edf=4.2548 rho=3.446e0 rho_dim=2 rho_dim=2 edf=3.3274 rho=2.474e0 rho_dim=2 rho_step_norm_sq=7.359e0 rho_prev_norm_sq=1.350e1 rho_dim=2 edf=3.5470 rho=4.199e0 rho_dim=2 rho_dim=2 edf=3.5468 rho=2.257e0 rho_dim=2 rho_dim=2 edf=4.3633 rho_dim=2 rho_dim=2 edf=4.8196 rho_dim=2 rho_dim=2 edf=3.9684 rho_dim=2 rho_dim=2 edf=4.4557 rho=2.178e0 rho_dim=2 rho_dim=2 edf=3.7526 rho_dim=2 rho_dim=2 edf=3.3942 rho_dim=2 rho_dim=2 edf=4.4352 rho_dim=2 rho_dim=2 edf=4.1369 rho_dim=2 rho_dim=2 edf=4.2299 rho=2.239e0 rho_dim=2 rho_dim=2 edf=3.2667 rho=2.339e0 rho_dim=2 rho_dim=2 edf=3.8482 rho_dim=2 rho_dim=2 edf=3.5657 rho_dim=2 rho_dim=2 edf=4.2489 rho_dim=2 rho_dim=2 edf=3.9422 rho_dim=2 rho_dim=2 edf=4.2873 rho_dim=2 rho_dim=2 edf=4.3230 rho=3.257e0 rho_dim=2 rho_dim=2 edf=4.6347 rho_dim=2 rho_dim=2 edf=5.0215 rho_dim=2 rho_dim=2 edf=4.1981 rho_dim=2 rho_dim=2 edf=3.3738 rho_dim=2 rho_dim=2 edf=3.9122 rho_dim=2 rho_dim=2 edf=3.2997 rho=2.905e0 rho_dim=2 rho_dim=2 edf=3.9858 rho=2.058e0 rho_dim=2 rho_step_norm_sq=2.525e0 rho_prev_norm_sq=9.011e0 rho_dim=2 edf=5.8027 rho=2.912e0 rho_dim=2 rho_dim=2 edf=3.4297 rho_dim=2 rho_dim=2 edf=3.4074 edf_total=4.166 R2=0.0901 rho_dim=4 edf=65.1978 rho_dim=4 edf=65.1978 rho=5.694e0 rho_dim=4 rho_dim=4 edf=42.4633 rho=4.868e0 rho_dim=4 rho_step_norm_sq=4.699e1 rho_prev_norm_sq=7.919e1 rho_dim=4 edf=9.5442 rho_dim=4 edf=9.5442 se_workspace_bytes=443608 rho-rho] 10 rho_cols=4 rho_dim=4 rho_dim=4 edf=10.1912 se_workspace_bytes=443608 rho-rho] 10 rho_cols=4 rho_dim=4 rho_dim=4 edf=10.6867 se_workspace_bytes=443608 rho-rho] 10 rho_cols=4 rho=2.185e1 rho_dim=4 rho_dim=4 edf=5.5490 se_workspace_bytes=443608 rho-rho] 10 rho_cols=4 rho=2.963e0 rho_dim=4 rho_dim=4 edf=7.5394 se_workspace_bytes=443608 rho-rho] 10 rho_cols=4 rho=7.834e0 rho_dim=4 rho_step_norm_sq=4.584e0 rho_prev_norm_sq=9.132e0 rho_dim=4 edf=9.0731 se_workspace_bytes=443608 rho-rho] 10 rho_cols=4 rho=6.437e0 rho_dim=4 rho_step_norm_sq=5.159e1 rho_prev_norm_sq=6.367e1 rho_dim=4 edf=9.9840 se_workspace_bytes=443608 rho-rho] 10 rho_cols=4 rho=2.025e0 rho_dim=4 rho_step_norm_sq=1.348e1 rho_prev_norm_sq=4.202e1 rho_dim=4 edf=18.5732 se_workspace_bytes=443608 rho-rho] 10 rho_cols=4 rho_dim=4 rho_dim=4 edf=15.1051 se_workspace_bytes=443608 rho-rho] 10 rho_cols=4 rho=2.228e0 rho_dim=4 rho_step_norm_sq=6.021e-1 rho_prev_norm_sq=1.958e0 rho_dim=4 edf=13.8610 se_workspace_bytes=443608 rho-rho] 10 rho_cols=4 rho=2.280e1 rho_dim=4 rho_dim=4 edf=12.1253 se_workspace_bytes=443608 rho-rho] 10 rho_cols=4 rho_dim=4 rho_dim=4 edf=13.6942 se_workspace_bytes=443608 rho-rho] 10 rho_cols=4 rho_dim=4 rho_dim=4 edf=14.5757 se_workspace_bytes=443608 rho-rho] 10 rho_cols=4 rho=4.352e0 rho_dim=4 rho_step_norm_sq=7.715e-2 rho_prev_norm_sq=1.540e-1 rho_dim=4 edf=15.0431 se_workspace_bytes=443608 rho-rho] 10 rho_cols=4 rho=8.783e0 rho_dim=4 rho_dim=4 edf=15.2737 se_workspace_bytes=443608 rho-rho] 10 rho_cols=4 rho=1.149e1 rho_dim=4 rho_step_norm_sq=1.008e2 rho_prev_norm_sq=7.716e1 rho_dim=4 edf=13.0744 se_workspace_bytes=443608 rho-rho] 10 rho_cols=4 rho_dim=4 rho_dim=4 edf=13.0784 se_workspace_bytes=443608 rho-rho] 10 rho_cols=4 rho_dim=4 rho_dim=4 edf=13.0867 se_workspace_bytes=443608 rho-rho] 10 rho_cols=4 rho_dim=4 rho_dim=4 edf=13.1041 se_workspace_bytes=443608 rho-rho] 10 rho_cols=4 rho=7.464e0 rho_dim=4 rho_dim=4 edf=15.0179 se_workspace_bytes=443608 rho-rho] 10 rho_cols=4 rho_dim=4 rho_dim=4 edf=14.8671 se_workspace_bytes=443608 rho-rho] 10 rho_cols=4 rho_dim=4 rho_dim=4 edf=14.8717 se_workspace_bytes=443608 rho-rho] 10 rho_cols=4 rho_dim=4 rho_dim=4 edf=14.8717 se_workspace_bytes=443608 rho-rho] 10 rho_cols=4 rho_dim=4 edf=14.8717 rho_dim=4 edf=14.8717 rho_dim=4 edf=42.4633 se_workspace_bytes=443608 rho-rho] 10 rho_cols=4 rho_dim=4 rho_dim=4 edf=25.9563 se_workspace_bytes=443608 rho-rho] 10 rho_cols=4 rho=5.518e0 rho_dim=4 rho_step_norm_sq=5.192e0 rho_prev_norm_sq=4.078e0 rho_dim=4 edf=18.2540 se_workspace_bytes=443608 rho-rho] 10 rho_cols=4 rho=1.753e1 rho_dim=4 rho_step_norm_sq=2.079e1 rho_prev_norm_sq=3.629e1 rho_dim=4 edf=13.0388 se_workspace_bytes=443608 rho-rho] 10 rho_cols=4 rho=7.992e0 rho_dim=4 rho_dim=4 edf=14.3763 se_workspace_bytes=443608 rho-rho] 10 rho_cols=4 rho=4.149e0 rho_dim=4 rho_step_norm_sq=3.328e1 rho_prev_norm_sq=6.411e1 rho_dim=4 edf=15.1429 se_workspace_bytes=443608 rho-rho] 10 rho_cols=4 rho=1.750e0 rho_dim=4 rho_step_norm_sq=7.269e0 rho_prev_norm_sq=1.728e1 rho_dim=4 edf=15.0751 se_workspace_bytes=443608 rho-rho] 10 rho_cols=4 rho=1.852e0 rho_dim=4 rho_step_norm_sq=3.244e0 rho_prev_norm_sq=3.071e0 rho_dim=4 edf=14.7725 se_workspace_bytes=443608 rho-rho] 10 rho_cols=4 rho_dim=4 rho_dim=4 edf=14.8301 se_workspace_bytes=443608 rho-rho] 10 rho_cols=4 rho_dim=4 rho_dim=4 edf=14.8720 se_workspace_bytes=443608 rho-rho] 10 rho_cols=4 rho_dim=4 rho_dim=4 edf=14.8717 se_workspace_bytes=443608 rho-rho] 10 rho_cols=4 rho_dim=4 edf=14.8717 rho_dim=4 edf=14.8717 rho_dim=4 edf=65.1978 se_workspace_bytes=443608 rho-rho] 10 rho_cols=4 rho=3.106e0 rho_dim=4 rho_dim=4 edf=42.7891 se_workspace_bytes=443608 rho-rho] 10 rho_cols=4 rho=4.735e0 rho_dim=4 rho_step_norm_sq=1.209e1 rho_prev_norm_sq=1.119e1 rho_dim=4 edf=23.2506 se_workspace_bytes=443608 rho-rho] 10 rho_cols=4 rho=2.829e0 rho_dim=4 rho_step_norm_sq=1.648e1 rho_prev_norm_sq=2.849e1 rho_dim=4 edf=16.1896 se_workspace_bytes=443608 rho-rho] 10 rho_cols=4 rho_dim=4 rho_dim=4 edf=15.0637 se_workspace_bytes=443608 rho-rho] 10 rho_cols=4 rho_dim=4 rho_dim=4 edf=14.8768 se_workspace_bytes=443608 rho-rho] 10 rho_cols=4 rho_dim=4 rho_dim=4 edf=14.8717 se_workspace_bytes=443608 rho-rho] 10 rho_cols=4 rho_dim=4 edf=14.8717 rho_dim=4 edf=14.8717 rho_dim=4 edf=14.8717 se_workspace_bytes=443608 rho-rho] 10 rho_cols=4 rho_dim=4 edf=14.8717 se_workspace_bytes=443608 rho-rho] 10 rho_cols=4 rho_dim=4 edf=14.8717 rho_dim=4 edf=14.8717 se_workspace_bytes=443608 rho-rho] 10 rho_cols=4 rho_dim=4 edf=14.8717 se_workspace_bytes=443608 rho-rho] 10 rho_cols=4 rho=4 rho_dim=4 rho_dim=4 edf=18.2327 rho_dim=4 rho_dim=4 edf=12.4343 rho_dim=4 rho_dim=4 edf=15.0181 rho=1.694e1 rho_dim=4 rho_dim=4 edf=15.5791 rho=1.297e1 rho_dim=4 rho_dim=4 edf=15.1648 rho=2.958e0 rho_dim=4 rho_step_norm_sq=3.871e1 rho_prev_norm_sq=1.697e2 rho_dim=4 edf=15.0645 rho_dim=4 rho_dim=4 edf=15.1083 rho=5.743e0 rho_dim=4 rho_dim=4 edf=14.5828 rho_dim=4 rho_dim=4 edf=14.7046 rho_dim=4 rho_dim=4 edf=12.3324 rho_dim=4 rho_dim=4 edf=13.1481 rho_dim=4 rho_dim=4 edf=17.9054 rho=2.449e1 rho_dim=4 rho_dim=4 edf=68.7480 rho=2.086e1 rho_dim=4 rho_dim=4 edf=39.6358 rho=3.599e0 rho_dim=4 rho_step_norm_sq=1.140e2 rho_prev_norm_sq=6.603e2 rho_dim=4 edf=18.0379 rho_dim=4 rho_dim=4 edf=23.2527 rho_dim=4 rho_dim=4 edf=19.3635 rho_dim=4 rho_dim=4 edf=21.3485 rho_dim=4 rho_dim=4 edf=13.2726 rho=2.056e0 rho_dim=4 rho_dim=4 edf=16.5479 rho_dim=4 rho_dim=4 edf=23.3384 rho=3.168e0 rho_dim=4 rho_dim=4 edf=11.1642 rho=5.106e0 rho_dim=4 rho_dim=4 edf=15.6271 rho=1.014e1 rho_dim=4 rho_dim=4 edf=14.7117 rho=5.223e0 rho_dim=4 rho_dim=4 edf=9.4098 rho=4.014e0 rho_dim=4 rho_dim=4 edf=24.7623 rho=2.163e0 rho_dim=4 rho_dim=4 edf=12.0984 rho=4.111e0 rho_dim=4 rho_dim=4 edf=18.9797 rho_var=3.115e0 rho_dim=4 edf=14.8717 se_workspace_bytes=443608 rho-rho] 10 rho_cols=4 rho=2.227e0 rho_dim=4 rho_dim=4 edf=10.1891 rho=2.046e0 rho_dim=4 rho_dim=4 edf=16.4434 rho=3.748e0 rho_dim=4 rho_dim=4 edf=13.5074 rho_dim=4 rho_dim=4 edf=19.1672 rho=5.602e0 rho_dim=4 rho_dim=4 edf=11.6661 rho_dim=4 rho_dim=4 edf=8.3138 rho=2.963e0 rho_dim=4 rho_step_norm_sq=1.259e0 rho_prev_norm_sq=3.940e0 rho_dim=4 edf=9.3953 rho_dim=4 rho_dim=4 edf=12.1519 rho_dim=4 rho_dim=4 edf=15.1201 rho_dim=4 rho_dim=4 edf=13.5868 rho=3.442e0 rho_dim=4 rho_dim=4 edf=14.4593 rho=4.598e0 rho_dim=4 rho_dim=4 edf=11.9450 rho=2.397e0 rho_dim=4 rho_dim=4 edf=14.2434 rho=3.409e0 rho_dim=4 rho_dim=4 edf=10.6929 rho=3.099e0 rho_dim=4 rho_dim=4 edf=14.8770 rho=3.763e0 rho_dim=4 rho_dim=4 edf=18.4767 rho=3.690e0 rho_dim=4 rho_dim=4 edf=15.8223 rho=2.360e0 rho_dim=4 rho_dim=4 edf=14.5916 rho=4.256e0 rho_dim=4 rho_dim=4 edf=13.2048 rho_dim=4 rho_dim=4 edf=17.0644 rho_dim=4 rho_dim=4 edf=13.7203 rho=4.629e0 rho_dim=4 rho_dim=4 edf=12.2983 rho=2.444e0 rho_dim=4 rho_dim=4 edf=17.5341 rho_dim=4 rho_dim=4 edf=14.6719 rho=3.402e0 rho_dim=4 rho_dim=4 edf=12.7666 rho_dim=4 rho_dim=4 edf=15.3315 rho_dim=4 rho_dim=4 edf=15.5871 rho=3.703e0 rho_dim=4 rho_dim=4 edf=17.6410 rho=2.267e0 rho_dim=4 rho_dim=4 edf=14.6290 rho=2.726e0 rho_dim=4 rho_step_norm_sq=4.098e0 rho_prev_norm_sq=7.737e0 rho_dim=4 edf=12.8975 rho=3.654e0 rho_dim=4 rho_dim=4 edf=14.4409 rho=2.945e0 rho_dim=4 rho_dim=4 edf=10.2738 rho=2.126e0 rho_dim=4 rho_dim=4 edf=19.5468 rho=3.262e0 rho_dim=4 rho_dim=4 edf=12.5589 rho=2.518e0 rho_dim=4 rho_dim=4 edf=21.3521 rho=3.786e0 rho_dim=4 rho_dim=4 edf=16.6722 rho=4.074e0 rho_dim=4 rho_dim=4 edf=18.7578 rho=2.890e0 rho_dim=4 rho_dim=4 edf=12.4884 rho=3.137e0 rho_dim=4 rho_dim=4 edf=12.0003 rho_dim=4 rho_dim=4 edf=10.6228 rho_dim=4 rho_dim=4 edf=10.9206 rho_dim=4 rho_dim=4 edf=13.2560 rho=2.539e0 rho_dim=4 rho_dim=4 edf=21.0069 rho_dim=4 rho_dim=4 edf=21.6512 rho_dim=4 rho_dim=4 edf=13.8783 rho=3.846e0 rho_dim=4 rho_dim=4 edf=22.1044 rho=3.687e0 rho_dim=4 rho_dim=4 edf=21.8288 rho=2.049e0 rho_dim=4 rho_dim=4 edf=13.3424 rho=2.411e0 rho_dim=4 rho_step_norm_sq=1.249e0 rho_prev_norm_sq=7.778e0 rho_dim=4 edf=25.0005 rho=3.273e0 rho_dim=4 rho_dim=4 edf=18.5419 rho_dim=4 rho_dim=4 edf=13.9811 rho_dim=4 rho_dim=4 edf=10.3627 rho=3.303e0 rho_dim=4 rho_dim=4 edf=24.8714 rho=3.413e0 rho_dim=4 rho_dim=4 edf=9.8209 rho_dim=4 rho_dim=4 edf=14.4006 rho=2.635e0 rho_dim=4 rho_dim=4 edf=22.0035 rho_dim=4 rho_dim=4 edf=19.5917 rho_dim=4 rho_dim=4 edf=16.4938 rho_dim=4 rho_dim=4 edf=16.9022 rho=2.916e0 rho_dim=4 rho_dim=4 edf=15.7951 rho_dim=4 rho_dim=4 edf=12.1780 rho_dim=4 rho_dim=4 edf=8.8801 rho_dim=4 rho_dim=4 edf=10.3258 rho=3.706e0 rho_dim=4 rho_dim=4 edf=17.8732 edf_total=14.872 R2=0.1256 	
369	PASS	ok	smooths::quality_vs_mgcv_quakes_spatial_smooth::gam_spatial_smooth_predicts_quakes_better_than_baseline	0	7	1	0	R2_avg=0.0748 R2_avg=0.0742 	
370	PASS	ok	smooths::quality_vs_mgcv_quakes_spatial_smooth::gam_spatial_smooth_predicts_quakes_better_than_baseline_on_real_data	0	2	1	0	edf=18.817 edf=17.525 R2=0.0810 rmse=0.3697 rmse=0.3695 	
371	PASS	ok	smooths::quality_vs_mgcv_tensor_additive_tp_te::gam_additive_tp_plus_te_matches_mgcv	0	1	1	0	rmse_vs_truth=0.020078 rmse_vs_truth=0.029546 edf=40.887 edf=38.661 rel_l2_gam_vs_mgcv=0.04055 	
372	PASS	ok	smooths::quality_vs_mgcv_tensor_te_2d_beta::gam_tensor_te_2d_beta_matches_mgcv	0	4	1	0	edf=8.230 se_sd_bar=0.1060 	
373	METRIC_OFF	quality_metric	smooths::quality_vs_r_tram_smooth_continuous_covariate_transformation::gam_smooth_transformation_matches_r_tram_on_heart_failure	101	5	0	1	edf=10.653 rmse=0.0503 rmse=0.0540 edf 10.653 	thread 'smooths::quality_vs_r_tram_smooth_continuous_covariate_transformation::gam_smooth_transformation_matches_r_tram_on_heart_failure' (60832) panicked at tests/quality/smooths/quality_vs_r_tram_smooth_continuous_covariate_transformation.rs:470:5: :: gam edf 10.653 outside the sane (1, k=8) range for this smooth
374	METRIC_OFF	quality_metric	smooths::quality_vs_rstpm2_pstpm2_smooth_covariate::gam_smooth_covariate_recovers_flat_noise_effect_and_valid_survival_on_bone	101	2	0	1	rel_l2=0.6767 pearson=0.98673 	thread 'smooths::quality_vs_rstpm2_pstpm2_smooth_covariate::gam_smooth_covariate_recovers_flat_noise_effect_and_valid_survival_on_bone' (60893) panicked at tests/quality/smooths/quality_vs_rstpm2_pstpm2_smooth_covariate.rs:533:5: :: gam overfit a pure-noise covariate: spurious log-Λ swing 2.4971 is 6.497× the genuine baseline swing 0.3844 (truth ∂logΛ/∂x ≡ 0; bar: ratio ≤ 0.50)
375	PASS	ok	smooths::quality_vs_scam_convex_smooth::gam_convex_smooth_recovers_truth_is_convex_and_matches_scam	0	2	1	0	rmse=0.01968 rmse=0.01814 edf=3.009 	
376	PASS	ok	smooths::quality_vs_scam_monotone_increasing_smooth::gam_monotone_increasing_smooth_recovers_truth_and_matches_scam	0	3	1	0	rmse=0.03896 rmse=0.03696 	
377	GAM_ERROR	gam_fit_failed	smooths::quality_vs_sklearn_gp_matern_regression::gam_matern_gp_recovers_truth_and_beats_sklearn	101	1	0	1	klearn_gp_matern_regression.rs:90:68 rho_dim=4 se_floor=1.058868e-1 	thread 'smooths::quality_vs_sklearn_gp_matern_regression::gam_matern_gp_recovers_truth_and_beats_sklearn' (61058) panicked at tests/quality/smooths/quality_vs_sklearn_gp_matern_regression.rs:90:68: :: gam matern GP fit: Fit(Estimation(Outer smoothing-parameter optimization did not certify a stationary optimum (iso-kappa joint REML): gradient g =2.364e-1 Pg =2.364e-1 bound=2.008e-2 (rung=curvature-
378	PASS	ok	smooths::quality_vs_sklearn_gp_matern_regression::gam_matern_gp_recovers_truth_and_beats_sklearn_on_real_data	0	3	1	0	edf=8.180 R2=0.9313 rmse=0.0712 klearn_test_rmse=0.0710 	
379	PASS	ok	survival::quality_competing_risks_truth_recovery::joint_competing_risks_transformation_recovers_true_cause_specific_cifs	0	2	1	0		
380	PASS	ok	survival::quality_vs_flexsurv_weibull_aft::gam_weibull_survival_objective_quality_on_bone	0	2	1	0	rel_l2_vs_flexsurv=0.08280 	
381	PASS	ok	survival::quality_vs_flexsurv_weibull_aft::gam_weibull_survival_objective_quality_on_bone_on_real_data	0	1	1	0		
382	PASS	ok	survival::quality_vs_gam_competing_risks_integral_identity::gam_crude_cif_recovers_closed_form_truth_beating_aalen_johansen	0	1	1	0		
383	PASS	ok	survival::quality_vs_gam_competing_risks_integral_identity::gam_crude_cif_recovers_closed_form_truth_beating_aalen_johansen_on_real_data	0	0	1	0	essive=71 	
384	GAM_ERROR	gam_fit_failed	survival::quality_vs_gamlss_gaussian_survival_ls::gam_gaussian_survival_location_scale_matches_gamlss	101	67	0	1		thread 'survival::quality_vs_gamlss_gaussian_survival_ls::gam_gaussian_survival_location_scale_matches_gamlss' (61396) panicked at tests/quality/survival/quality_vs_gamlss_gaussian_survival_ls.rs:159:10: :: gam survival location-scale fit: Fit(Raised { category: Unclassified, reason: 'custom-family optimization error in fit_custom_family outer smoothing: outer smoothing optimization failed certifi
385	PASS	ok	survival::quality_vs_gamlss_gaussian_survival_ls::gam_gaussian_survival_location_scale_matches_gamlss_on_real_data	0	6	1	0		
386	PASS	ok	survival::quality_vs_inla_survival_random_intercept_baseline::gam_survival_frailty_random_intercept_matches_inla	0	3	1	0	edf_total=9.452 rmse=0.0693 pearson=0.9986 pearson=0.9976 	
387	PASS	ok	survival::quality_vs_inla_survival_random_intercept_baseline::gam_survival_frailty_random_intercept_matches_inla_on_real_data	0	4	1	0	edf_total=6.217 rmse=0.3700 pearson=0.9680 pearson=1.0000 	
388	PASS	ok	survival::quality_vs_lifelines_crps_lognormal_aft::gam_lognormal_aft_crps_calibration_matches_lifelines	0	2	1	0	rmse=0.0592 rmse=0.0803 crps=0.30597 crps=0.30708 crps=0.31362 	
389	PASS	ok	survival::quality_vs_lifelines_crps_lognormal_aft::gam_lognormal_aft_crps_calibration_matches_lifelines_on_real_data	0	2	1	0	se_sigma=1.2928 crps=47.9845 crps=50.1776 se_crps=50.7934 	
390	PASS	ok	survival::quality_vs_lifelines_loglogistic_aft::gam_loglogistic_aft_matches_lifelines_on_haberman_ages	0	1	1	0		
391	GAM_ERROR	gam_fit_failed	survival::quality_vs_lifelines_lognormal_aft::gam_lognormal_aft_interaction_recovers_truth	101	0	0	1		thread 'survival::quality_vs_lifelines_lognormal_aft::gam_lognormal_aft_interaction_recovers_truth' (61942) panicked at tests/quality/survival/quality_vs_lifelines_lognormal_aft.rs:188:6: :: gam lognormal-AFT fit: InvalidConfig { reason: 'unsupported survmodel(spec='transformation'); only spec=net is accepted by the one-hazard fitter' }
392	GAM_ERROR	gam_fit_failed	survival::quality_vs_lifelines_weibull_aft_by::gam_weibull_aft_by_factor_recovers_true_survival	101	2	0	1		thread 'survival::quality_vs_lifelines_weibull_aft_by::gam_weibull_aft_by_factor_recovers_true_survival' (61983) panicked at tests/quality/survival/quality_vs_lifelines_weibull_aft_by.rs:489:6: :: gam Weibull-AFT by-factor fit: Fit(Raised { category: Unclassified, reason: 'Outer smoothing-parameter optimization did not certify a stationary optimum (survival transformation smoothing-parameter selec
393	GAM_ERROR	gam_fit_failed	survival::quality_vs_lifelines_weibull_aft_by::gam_weibull_aft_by_factor_recovers_true_survival_curved_acceleration	101	2	0	1		thread 'survival::quality_vs_lifelines_weibull_aft_by::gam_weibull_aft_by_factor_recovers_true_survival_curved_acceleration' (62025) panicked at tests/quality/survival/quality_vs_lifelines_weibull_aft_by.rs:489:6: :: gam Weibull-AFT by-factor fit: Fit(Raised { category: Unclassified, reason: 'Outer smoothing-parameter optimization did not certify a stationary optimum (survival transformation smoot
394	PASS	ok	survival::quality_vs_lifelines_weibull_aft_by::gam_weibull_aft_by_factor_recovers_true_survival_on_real_data	0	3	1	0		
395	PASS	ok	survival::quality_vs_scipy_boxcox_univariate_lambda::gam_transformation_normal_normalizes_wine_price_at_least_as_well_as_boxcox	0	1	1	0		
396	GAM_ERROR	gam_fit_failed	survival::quality_vs_statsmodels_transformation_survival::gam_transformation_survival_prediction_grid_matches_scipy	101	0	0	1		thread 'survival::quality_vs_statsmodels_transformation_survival::gam_transformation_survival_prediction_grid_matches_scipy' (62166) panicked at tests/quality/survival/quality_vs_statsmodels_transformation_survival.rs:187:6: :: gam Weibull transformation AFT fit: InvalidConfig { reason: 'unsupported survmodel(spec='transformation'); only spec=net is accepted by the one-hazard fitter' }
397	GAM_ERROR	gam_fit_failed	survival::quality_vs_statsmodels_transformation_survival::gam_transformation_survival_prediction_grid_matches_scipy_on_real_data	101	0	0	1		thread 'survival::quality_vs_statsmodels_transformation_survival::gam_transformation_survival_prediction_grid_matches_scipy_on_real_data' (62207) panicked at tests/quality/survival/quality_vs_statsmodels_transformation_survival.rs:650:6: :: gam Weibull transformation AFT fit on veteran_lung train rows: InvalidConfig { reason: 'unsupported survmodel(spec='transformation'); only spec=net is accepted
398	TIMEOUT	per_test_bound	survival::quality_vs_survival_coxph_frailty_hazard_multiplier::gam_hazard_multiplier_frailty_matches_coxph_frailty	124	600	0	0		exceeded the 600s per-case bound from .config/nextest.toml
399	TIMEOUT	per_test_bound	survival::quality_vs_survival_coxph_frailty_hazard_multiplier::gam_hazard_multiplier_frailty_matches_coxph_frailty_on_real_data	124	600	0	0		exceeded the 600s per-case bound from .config/nextest.toml
400	PASS	ok	survival::quality_vs_survival_location_scale_lognormal::gam_lognormal_location_scale_aft_smooth_matches_survreg	0	5	1	0	rmse=0.1251 rmse=0.2832 rel_l2_vs_survreg=0.3181 	
401	PASS	ok	survival::quality_vs_survival_location_scale_lognormal::gam_lognormal_location_scale_aft_smooth_matches_survreg_on_real_data	0	1	1	0	nll=5.2738 nll=5.3649 nll=5.4583 rmse=0.2145 	
402	PASS	ok	survival::quality_vs_survival_weibull_veteran_lung_aft::gam_weibull_survival_out_of_sample_quality_on_veteran_lung	0	1	1	0		
403	PASS	ok	survival::quality_vs_survival_weibull_veteran_lung_aft::gam_weibull_survival_out_of_sample_quality_on_veteran_lung_on_real_data	0	1	1	0		
404	PASS	ok	families::quality_vs_mgcv_confidence_interval_gaussian_coverage_90::ci_coverage_near_nominal_on_gaussian_truth_90pct	0	6	1	0	coverage = 0.8920 coverage = 0.8916 coverage = 0.8992 	
405	PASS	ok	families::quality_vs_mgcv_confidence_interval_gaussian_logistic_link::confidence_intervals_cover_truth_under_logistic_link	0	39	1	0	edf=8.308454327367233 	
406	PASS	ok	families::quality_vs_mgcv_poisson_badhealth_doctor_visits::gam_poisson_predicts_badhealth_visits_better_than_baseline	0	2	1	0	edf=2.820 edf=3.005 	
407	PASS	ok	families::quality_vs_mgcv_tensor_te_2d_gaussian::gam_te_2d_smooth_matches_mgcv_on_separable_grid	0	2	1	0	rmse_vs_truth=0.022185 rmse_vs_truth=0.022184 edf=61.886 edf=63.839 	
408	TIMEOUT	per_test_bound	families::quality_vs_mgcv_tensor_te_2d_poisson::gam_tensor_te_2d_poisson_matches_mgcv	124	360	0	0		exceeded the 360s per-case bound from .config/nextest.toml
409	METRIC_OFF	quality_metric	families::quality_vs_mgcv_tensor_te_2d_poisson::gam_tensor_te_2d_poisson_matches_mgcv_on_real_data	101	2	0	1	edf=8.382 deviance 3.5443 	thread 'families::quality_vs_mgcv_tensor_te_2d_poisson::gam_tensor_te_2d_poisson_matches_mgcv_on_real_data' (62938) panicked at tests/quality_1082/../quality/families/quality_vs_mgcv_tensor_te_2d_poisson.rs:369:5: :: gam's held-out Poisson deviance 3.5443 must beat the constant-mean baseline 3.5443 (bar: < 95% of null)
410	TIMEOUT	per_test_bound	families::quality_vs_pygam_poisson_2d_shape::gam_poisson_2d_recovers_true_log_mean_surface	124	360	0	0		exceeded the 360s per-case bound from .config/nextest.toml
411	METRIC_OFF	quality_metric	families::quality_vs_pygam_poisson_2d_shape::gam_poisson_2d_recovers_true_log_mean_surface_on_real_data	101	86	0	1	edf=1.000 edf=12.896 pearson=0.81289 	thread 'families::quality_vs_pygam_poisson_2d_shape::gam_poisson_2d_recovers_true_log_mean_surface_on_real_data' (63073) panicked at tests/quality_1082/../quality/families/quality_vs_pygam_poisson_2d_shape.rs:456:5: :: 2-D Poisson: gam's held-out deviance exceeds pyGAM's by >10%: gam_dev=3.5443 pygam_dev=3.2157
412	PASS	ok	families::quality_vs_scoringrules_pit_gaussian_location_scale::gam_location_scale_pit_is_calibrated_on_holdout	0	2	1	0		
413	PASS	ok	families::quality_vs_scoringrules_pit_gaussian_location_scale::gam_location_scale_pit_is_calibrated_on_holdout_on_real_data	0	1	1	0		
414	PASS	ok	families::quality_vs_vgam_beta_logistic_link_parameterization::beta_logistic_parametric_fit_keeps_logit_scale_2902	0	21	1	0		
415	GAM_ERROR	gam_fit_failed	families::quality_vs_vgam_beta_logistic_link_parameterization::gam_beta_logistic_link_matches_vgam_beta_parameterization	101	2	0	1	rho_dim=4 rho_dim=4 	thread 'families::quality_vs_vgam_beta_logistic_link_parameterization::gam_beta_logistic_link_matches_vgam_beta_parameterization' (63274) panicked at tests/quality_1082/../quality/families/quality_vs_vgam_beta_logistic_link_parameterization.rs:105:6: :: converged beta-logistic fit: Fit(Estimation(Outer smoothing-parameter optimization did not certify a stationary optimum (mixture/SAS flexible link
416	PASS	ok	families::quality_vs_vgam_multinomial_smooth_by_factor::gam_multinomial_smooth_by_factor_recovers_truth	0	9	1	0	essian_qp_elapsed=0.001 accepted_step_inf=7.085e0 loglik=1.643632e2 accepted_ δ ∞=7.085e0 essian_qp_elapsed=0.001 accepted_step_inf=2.725e0 essian_qp_elapsed=0.002 accepted_step_inf=3.138e0 essian_qp_elapsed=0.003 accepted_step_inf=6.897e-1 essian_qp_elapsed=0.001 accepted_step_inf=1.365e-3 essian_qp_elapsed=0.002 accepted_step_inf=3.558e-4 essian_qp_elapsed=0.003 accepted_step_inf=1.116e-4 loglik=1.641120e2 accepted_ δ ∞=1.116e-4 essian_qp_elapsed=0.001 accepted_step_inf=2.462e-10 loglik=1.641120e2 accepted_ δ ∞=2.462e-10 essian_qp_elapsed=0.001 essian_qp_elapsed=0.001 accepted_step_inf=1.713e0 loglik=1.584461e2 accepted_ δ ∞=1.713e0 essian_qp_elapsed=0.001 accepted_step_inf=2.318e-1 essian_qp_elapsed=0.003 accepted_step_inf=9.775e-2 essian_qp_elapsed=0.001 accepted_step_inf=1.203e-5 essian_qp_elapsed=0.002 accepted_step_inf=1.568e-6 essian_qp_elapsed=0.003 accepted_step_inf=2.910e-7 loglik=1.582579e2 accepted_ δ ∞=2.910e-7 essian_qp_elapsed=0.001 accepted_iter=0 essian_qp_elapsed=0.001 accepted_step_inf=1.713e0 loglik=1.584461e2 accepted_ δ ∞=1.713e0 essian_qp_elapsed=0.001 accepted_step_inf=2.318e-1 essian_qp_elapsed=0.003 accepted_step_inf=9.775e-2 essian_qp_elapsed=0.001 accepted_step_inf=1.203e-5 essian_qp_elapsed=0.002 accepted_step_inf=1.568e-6 essian_qp_elapsed=0.003 accepted_step_inf=2.910e-7 loglik=1.582579e2 accepted_ δ ∞=2.910e-7 essian_qp_elapsed=0.001 rho_distance=1.000e0 essian_qp_elapsed=0.001 accepted_step_inf=3.081e0 loglik=1.544532e2 accepted_ δ ∞=3.081e0 essian_qp_elapsed=0.001 accepted_step_inf=2.763e-1 essian_qp_elapsed=0.003 accepted_step_inf=3.861e-1 essian_qp_elapsed=0.001 accepted_step_inf=2.965e-5 essian_qp_elapsed=0.002 accepted_step_inf=3.826e-6 essian_qp_elapsed=0.003 accepted_step_inf=1.356e-6 loglik=1.537298e2 accepted_ δ ∞=1.356e-6 essian_qp_elapsed=0.001 rho_distance=1.000e0 accepted_iter=0 essian_qp_elapsed=0.001 accepted_step_inf=3.081e0 loglik=1.544532e2 accepted_ δ ∞=3.081e0 essian_qp_elapsed=0.001 accepted_step_inf=2.763e-1 essian_qp_elapsed=0.003 accepted_step_inf=3.861e-1 essian_qp_elapsed=0.001 accepted_step_inf=2.965e-5 essian_qp_elapsed=0.002 accepted_step_inf=3.826e-6 essian_qp_elapsed=0.003 accepted_step_inf=1.356e-6 loglik=1.537298e2 accepted_ δ ∞=1.356e-6 essian_qp_elapsed=0.001 rho_distance=4.342e0 essian_qp_elapsed=0.001 accepted_step_inf=2.789e0 loglik=1.452510e2 accepted_ δ ∞=2.789e0 essian_qp_elapsed=0.001 accepted_step_inf=8.932e-1 essian_qp_elapsed=0.002 accepted_step_inf=3.283e-1 essian_qp_elapsed=0.002 accepted_step_inf=2.346e-2 essian_qp_elapsed=0.002 accepted_step_inf=5.654e-3 essian_qp_elapsed=0.002 accepted_step_inf=1.723e-4 essian_qp_elapsed=0.002 accepted_step_inf=1.682e-5 essian_qp_elapsed=0.002 accepted_step_inf=3.573e-6 essian_qp_elapsed=0.002 accepted_step_inf=1.453e-7 essian_qp_elapsed=0.002 accepted_step_inf=8.980e-9 loglik=1.438334e2 accepted_ δ ∞=8.980e-9 essian_qp_elapsed=0.002 accepted_step_inf=2.576e-10 loglik=1.438334e2 accepted_ δ ∞=2.576e-10 essian_qp_elapsed=0.001 rho_distance=4.342e0 accepted_iter=1 essian_qp_elapsed=0.001 accepted_step_inf=2.789e0 loglik=1.452510e2 accepted_ δ ∞=2.789e0 essian_qp_elapsed=0.001 accepted_step_inf=8.932e-1 essian_qp_elapsed=0.002 accepted_step_inf=3.283e-1 essian_qp_elapsed=0.001 accepted_step_inf=2.346e-2 essian_qp_elapsed=0.003 accepted_step_inf=5.654e-3 essian_qp_elapsed=0.002 accepted_step_inf=1.723e-4 essian_qp_elapsed=0.002 accepted_step_inf=1.682e-5 essian_qp_elapsed=0.002 accepted_step_inf=3.573e-6 essian_qp_elapsed=0.002 accepted_step_inf=1.453e-7 essian_qp_elapsed=0.002 accepted_step_inf=8.980e-9 loglik=1.438334e2 accepted_ δ ∞=8.980e-9 essian_qp_elapsed=0.001 accepted_step_inf=2.576e-10 loglik=1.438334e2 accepted_ δ ∞=2.576e-10 essian_qp_elapsed=0.001 rho_distance=3.794e0 essian_qp_elapsed=0.001 accepted_step_inf=3.206e0 loglik=1.404798e2 accepted_ δ ∞=3.206e0 essian_qp_elapsed=0.002 accepted_step_inf=8.889e-1 essian_qp_elapsed=0.003 accepted_step_inf=1.027e-1 essian_qp_elapsed=0.002 accepted_step_inf=8.184e-3 essian_qp_elapsed=0.002 accepted_step_inf=2.994e-4 essian_qp_elapsed=0.002 accepted_step_inf=4.472e-5 essian_qp_elapsed=0.002 accepted_step_inf=1.968e-6 essian_qp_elapsed=0.002 accepted_step_inf=3.079e-7 essian_qp_elapsed=0.002 accepted_step_inf=5.436e-9 loglik=1.401103e2 accepted_ δ ∞=5.436e-9 essian_qp_elapsed=0.002 accepted_step_inf=1.494e-9 loglik=1.401103e2 accepted_ δ ∞=1.494e-9 essian_qp_elapsed=0.002 accepted_step_inf=5.598e-11 loglik=1.401103e2 accepted_ δ ∞=5.598e-11 essian_qp_elapsed=0.001 rho_distance=3.794e0 accepted_iter=2 essian_qp_elapsed=0.001 accepted_step_inf=3.206e0 loglik=1.404798e2 accepted_ δ ∞=3.206e0 essian_qp_elapsed=0.002 accepted_step_inf=8.889e-1 essian_qp_elapsed=0.003 accepted_step_inf=1.027e-1 essian_qp_elapsed=0.002 accepted_step_inf=8.184e-3 essian_qp_elapsed=0.002 accepted_step_inf=2.994e-4 essian_qp_elapsed=0.002 accepted_step_inf=4.472e-5 essian_qp_elapsed=0.002 accepted_step_inf=1.968e-6 essian_qp_elapsed=0.002 accepted_step_inf=3.079e-7 essian_qp_elapsed=0.002 accepted_step_inf=5.436e-9 loglik=1.401103e2 accepted_ δ ∞=5.436e-9 essian_qp_elapsed=0.002 accepted_step_inf=1.494e-9 loglik=1.401103e2 accepted_ δ ∞=1.494e-9 essian_qp_elapsed=0.002 accepted_step_inf=5.598e-11 loglik=1.401103e2 accepted_ δ ∞=5.598e-11 essian_qp_elapsed=0.001 rho_distance=4.462e0 essian_qp_elapsed=0.002 accepted_step_inf=4.241e0 loglik=1.382888e2 accepted_ δ ∞=4.241e0 essian_qp_elapsed=0.001 accepted_step_inf=1.237e0 essian_qp_elapsed=0.002 accepted_step_inf=1.333e-1 essian_qp_elapsed=0.002 accepted_step_inf=2.466e-2 essian_qp_elapsed=0.002 accepted_step_inf=1.061e-3 essian_qp_elapsed=0.002 accepted_step_inf=1.630e-4 essian_qp_elapsed=0.002 accepted_step_inf=5.282e-6 essian_qp_elapsed=0.002 accepted_step_inf=1.166e-6 essian_qp_elapsed=0.002 accepted_step_inf=2.941e-8 essian_qp_elapsed=0.002 accepted_step_inf=1.524e-8 loglik=1.381080e2 accepted_ δ ∞=1.524e-8 essian_qp_elapsed=0.002 accepted_step_inf=9.771e-10 loglik=1.381080e2 accepted_ δ ∞=9.771e-10 essian_qp_elapsed=0.001 rho_distance=4.462e0 accepted_iter=3 essian_qp_elapsed=0.001 accepted_step_inf=4.241e0 loglik=1.382888e2 accepted_ δ ∞=4.241e0 essian_qp_elapsed=0.002 accepted_step_inf=1.237e0 essian_qp_elapsed=0.002 accepted_step_inf=1.333e-1 essian_qp_elapsed=0.002 accepted_step_inf=2.466e-2 essian_qp_elapsed=0.002 accepted_step_inf=1.061e-3 essian_qp_elapsed=0.002 accepted_step_inf=1.630e-4 essian_qp_elapsed=0.002 accepted_step_inf=5.282e-6 essian_qp_elapsed=0.002 accepted_step_inf=1.166e-6 essian_qp_elapsed=0.002 accepted_step_inf=2.941e-8 essian_qp_elapsed=0.002 accepted_step_inf=1.524e-8 loglik=1.381080e2 accepted_ δ ∞=1.524e-8 essian_qp_elapsed=0.002 accepted_step_inf=9.771e-10 loglik=1.381080e2 accepted_ δ ∞=9.771e-10 essian_qp_elapsed=0.001 rho_distance=2.927e0 essian_qp_elapsed=0.002 accepted_step_inf=2.076e0 loglik=1.378923e2 accepted_ δ ∞=2.076e0 essian_qp_elapsed=0.002 accepted_step_inf=2.737e-1 essian_qp_elapsed=0.002 accepted_step_inf=1.711e-2 essian_qp_elapsed=0.002 accepted_step_inf=1.605e-3 essian_qp_elapsed=0.002 accepted_step_inf=9.487e-5 essian_qp_elapsed=0.002 accepted_step_inf=9.867e-6 essian_qp_elapsed=0.002 accepted_step_inf=1.188e-6 essian_qp_elapsed=0.002 accepted_step_inf=7.794e-8 essian_qp_elapsed=0.002 accepted_step_inf=1.157e-8 loglik=1.378639e2 accepted_ δ ∞=1.157e-8 essian_qp_elapsed=0.002 accepted_step_inf=5.248e-10 loglik=1.378639e2 accepted_ δ ∞=5.248e-10 essian_qp_elapsed=0.001 rho_distance=2.927e0 accepted_iter=4 essian_qp_elapsed=0.001 accepted_step_inf=2.076e0 loglik=1.378923e2 accepted_ δ ∞=2.076e0 essian_qp_elapsed=0.002 accepted_step_inf=2.737e-1 essian_qp_elapsed=0.002 accepted_step_inf=1.711e-2 essian_qp_elapsed=0.002 accepted_step_inf=1.605e-3 essian_qp_elapsed=0.002 accepted_step_inf=9.487e-5 essian_qp_elapsed=0.002 accepted_step_inf=9.867e-6 essian_qp_elapsed=0.002 accepted_step_inf=1.188e-6 essian_qp_elapsed=0.002 accepted_step_inf=7.794e-8 essian_qp_elapsed=0.002 accepted_step_inf=1.157e-8 loglik=1.378639e2 accepted_ δ ∞=1.157e-8 essian_qp_elapsed=0.002 accepted_step_inf=5.248e-10 loglik=1.378639e2 accepted_ δ ∞=5.248e-10 essian_qp_elapsed=0.001 rho_distance=1.085e0 essian_qp_elapsed=0.001 accepted_step_inf=1.067e0 loglik=1.378888e2 accepted_ δ ∞=1.067e0 essian_qp_elapsed=0.002 accepted_step_inf=6.331e-2 essian_qp_elapsed=0.002 accepted_step_inf=4.982e-3 essian_qp_elapsed=0.002 accepted_step_inf=5.551e-4 essian_qp_elapsed=0.002 accepted_step_inf=3.783e-5 essian_qp_elapsed=0.002 accepted_step_inf=3.605e-6 essian_qp_elapsed=0.002 accepted_step_inf=2.754e-7 essian_qp_elapsed=0.002 accepted_step_inf=1.217e-8 essian_qp_elapsed=0.002 accepted_step_inf=2.372e-9 loglik=1.378868e2 accepted_ δ ∞=2.372e-9 essian_qp_elapsed=0.002 accepted_step_inf=1.268e-10 loglik=1.378868e2 accepted_ δ ∞=1.268e-10 essian_qp_elapsed=0.001 rho_distance=1.085e0 accepted_iter=5 essian_qp_elapsed=0.001 accepted_step_inf=1.067e0 loglik=1.378888e2 accepted_ δ ∞=1.067e0 essian_qp_elapsed=0.002 accepted_step_inf=6.331e-2 essian_qp_elapsed=0.002 accepted_step_inf=4.982e-3 essian_qp_elapsed=0.002 accepted_step_inf=5.551e-4 essian_qp_elapsed=0.002 accepted_step_inf=3.783e-5 essian_qp_elapsed=0.002 accepted_step_inf=3.605e-6 essian_qp_elapsed=0.002 accepted_step_inf=2.754e-7 essian_qp_elapsed=0.002 accepted_step_inf=1.217e-8 essian_qp_elapsed=0.002 accepted_step_inf=2.372e-9 loglik=1.378868e2 accepted_ δ ∞=2.372e-9 essian_qp_elapsed=0.002 accepted_step_inf=1.268e-10 loglik=1.378868e2 accepted_ δ ∞=1.268e-10 essian_qp_elapsed=0.001 rho_distance=1.332e0 essian_qp_elapsed=0.001 accepted_step_inf=1.578e0 loglik=1.379910e2 accepted_ δ ∞=1.578e0 essian_qp_elapsed=0.002 accepted_step_inf=5.618e-2 essian_qp_elapsed=0.002 accepted_step_inf=5.508e-3 essian_qp_elapsed=0.002 accepted_step_inf=6.944e-4 essian_qp_elapsed=0.001 accepted_step_inf=2.632e-5 essian_qp_elapsed=0.002 accepted_step_inf=2.602e-6 essian_qp_elapsed=0.001 accepted_step_inf=3.391e-7 essian_qp_elapsed=0.002 accepted_step_inf=2.310e-8 essian_qp_elapsed=0.001 accepted_step_inf=9.851e-10 loglik=1.379898e2 accepted_ δ ∞=9.851e-10 essian_qp_elapsed=0.002 accepted_step_inf=7.698e-11 loglik=1.379898e2 accepted_ δ ∞=7.698e-11 essian_qp_elapsed=0.001 rho_distance=1.332e0 accepted_iter=6 essian_qp_elapsed=0.001 accepted_step_inf=1.578e0 loglik=1.379910e2 accepted_ δ ∞=1.578e0 essian_qp_elapsed=0.002 accepted_step_inf=5.618e-2 essian_qp_elapsed=0.002 accepted_step_inf=5.508e-3 essian_qp_elapsed=0.002 accepted_step_inf=6.944e-4 essian_qp_elapsed=0.002 accepted_step_inf=2.632e-5 essian_qp_elapsed=0.002 accepted_step_inf=2.602e-6 essian_qp_elapsed=0.002 accepted_step_inf=3.391e-7 essian_qp_elapsed=0.002 accepted_step_inf=2.310e-8 essian_qp_elapsed=0.001 accepted_step_inf=9.851e-10 loglik=1.379898e2 accepted_ δ ∞=9.851e-10 essian_qp_elapsed=0.002 accepted_step_inf=7.698e-11 loglik=1.379898e2 accepted_ δ ∞=7.698e-11 essian_qp_elapsed=0.001 rho_distance=1.346e0 essian_qp_elapsed=0.001 accepted_step_inf=1.572e0 loglik=1.381785e2 accepted_ δ ∞=1.572e0 essian_qp_elapsed=0.002 accepted_step_inf=1.306e-1 essian_qp_elapsed=0.002 accepted_step_inf=7.325e-3 essian_qp_elapsed=0.001 accepted_step_inf=2.718e-4 essian_qp_elapsed=0.002 accepted_step_inf=1.101e-4 essian_qp_elapsed=0.002 accepted_step_inf=1.045e-5 essian_qp_elapsed=0.002 accepted_step_inf=3.631e-7 essian_qp_elapsed=0.002 accepted_step_inf=2.019e-8 essian_qp_elapsed=0.002 accepted_step_inf=1.521e-9 loglik=1.381796e2 accepted_ δ ∞=1.521e-9 essian_qp_elapsed=0.001 rho_distance=1.346e0 accepted_iter=7 essian_qp_elapsed=0.001 accepted_step_inf=1.572e0 loglik=1.381785e2 accepted_ δ ∞=1.572e0 essian_qp_elapsed=0.002 accepted_step_inf=1.306e-1 essian_qp_elapsed=0.002 accepted_step_inf=7.325e-3 essian_qp_elapsed=0.001 accepted_step_inf=2.718e-4 essian_qp_elapsed=0.002 accepted_step_inf=1.101e-4 essian_qp_elapsed=0.002 accepted_step_inf=1.045e-5 essian_qp_elapsed=0.002 accepted_step_inf=3.631e-7 essian_qp_elapsed=0.002 accepted_step_inf=2.019e-8 essian_qp_elapsed=0.002 accepted_step_inf=1.521e-9 loglik=1.381796e2 accepted_ δ ∞=1.521e-9 essian_qp_elapsed=0.001 rho_distance=1.901e0 essian_qp_elapsed=0.001 accepted_step_inf=9.826e-1 loglik=1.385299e2 accepted_ δ ∞=9.826e-1 essian_qp_elapsed=0.002 accepted_step_inf=6.405e-1 essian_qp_elapsed=0.002 accepted_step_inf=2.367e-2 essian_qp_elapsed=0.002 accepted_step_inf=1.392e-3 essian_qp_elapsed=0.002 accepted_step_inf=1.751e-4 essian_qp_elapsed=0.001 accepted_step_inf=9.247e-6 essian_qp_elapsed=0.002 accepted_step_inf=1.478e-6 essian_qp_elapsed=0.002 accepted_step_inf=1.799e-7 essian_qp_elapsed=0.002 accepted_step_inf=7.837e-9 loglik=1.385035e2 accepted_ δ ∞=7.837e-9 essian_qp_elapsed=0.001 accepted_step_inf=1.547e-9 loglik=1.385035e2 accepted_ δ ∞=1.547e-9 essian_qp_elapsed=0.001 rho_distance=1.901e0 accepted_iter=8 essian_qp_elapsed=0.001 accepted_step_inf=9.826e-1 loglik=1.385299e2 accepted_ δ ∞=9.826e-1 essian_qp_elapsed=0.001 accepted_step_inf=6.405e-1 essian_qp_elapsed=0.002 accepted_step_inf=2.367e-2 essian_qp_elapsed=0.001 accepted_step_inf=1.392e-3 essian_qp_elapsed=0.002 accepted_step_inf=1.751e-4 essian_qp_elapsed=0.001 accepted_step_inf=9.247e-6 essian_qp_elapsed=0.002 accepted_step_inf=1.478e-6 essian_qp_elapsed=0.002 accepted_step_inf=1.799e-7 essian_qp_elapsed=0.002 accepted_step_inf=7.837e-9 loglik=1.385035e2 accepted_ δ ∞=7.837e-9 essian_qp_elapsed=0.002 accepted_step_inf=1.547e-9 loglik=1.385035e2 accepted_ δ ∞=1.547e-9 essian_qp_elapsed=0.001 rho_distance=3.413e0 essian_qp_elapsed=0.001 accepted_step_inf=6.831e-1 loglik=1.390673e2 accepted_ δ ∞=6.831e-1 essian_qp_elapsed=0.001 accepted_step_inf=5.842e-1 essian_qp_elapsed=0.002 accepted_step_inf=7.655e-2 essian_qp_elapsed=0.002 accepted_step_inf=4.908e-3 essian_qp_elapsed=0.001 accepted_step_inf=2.945e-4 essian_qp_elapsed=0.002 accepted_step_inf=2.456e-5 essian_qp_elapsed=0.001 accepted_step_inf=1.062e-6 essian_qp_elapsed=0.002 accepted_step_inf=6.650e-8 essian_qp_elapsed=0.001 accepted_step_inf=3.994e-9 loglik=1.389860e2 accepted_ δ ∞=3.994e-9 essian_qp_elapsed=0.003 accepted_step_inf=1.183e-9 loglik=1.389860e2 accepted_ δ ∞=1.183e-9 essian_qp_elapsed=0.001 rho_distance=3.413e0 accepted_iter=9 essian_qp_elapsed=0.001 accepted_step_inf=6.831e-1 loglik=1.390673e2 accepted_ δ ∞=6.831e-1 essian_qp_elapsed=0.001 accepted_step_inf=5.842e-1 essian_qp_elapsed=0.002 accepted_step_inf=7.655e-2 essian_qp_elapsed=0.002 accepted_step_inf=4.908e-3 essian_qp_elapsed=0.002 accepted_step_inf=2.945e-4 essian_qp_elapsed=0.002 accepted_step_inf=2.456e-5 essian_qp_elapsed=0.001 accepted_step_inf=1.062e-6 essian_qp_elapsed=0.002 accepted_step_inf=6.650e-8 essian_qp_elapsed=0.001 accepted_step_inf=3.994e-9 loglik=1.389860e2 accepted_ δ ∞=3.994e-9 essian_qp_elapsed=0.003 accepted_step_inf=1.183e-9 loglik=1.389860e2 accepted_ δ ∞=1.183e-9 essian_qp_elapsed=0.001 rho_distance=2.709e0 essian_qp_elapsed=0.001 accepted_step_inf=2.963e0 loglik=1.394063e2 accepted_ δ ∞=2.963e0 essian_qp_elapsed=0.001 accepted_step_inf=2.229e-1 essian_qp_elapsed=0.002 accepted_step_inf=2.193e-2 essian_qp_elapsed=0.002 accepted_step_inf=2.346e-3 essian_qp_elapsed=0.003 accepted_step_inf=1.965e-4 essian_qp_elapsed=0.002 accepted_step_inf=1.445e-9 loglik=1.393416e2 accepted_ δ ∞=1.445e-9 essian_qp_elapsed=0.002 accepted_step_inf=4.523e-11 loglik=1.393416e2 accepted_ δ ∞=4.523e-11 essian_qp_elapsed=0.001 rho_distance=2.709e0 accepted_iter=10 essian_qp_elapsed=0.001 accepted_step_inf=2.963e0 loglik=1.394063e2 accepted_ δ ∞=2.963e0 essian_qp_elapsed=0.001 accepted_step_inf=2.229e-1 essian_qp_elapsed=0.002 accepted_step_inf=2.193e-2 essian_qp_elapsed=0.002 accepted_step_inf=2.346e-3 essian_qp_elapsed=0.003 accepted_step_inf=1.965e-4 essian_qp_elapsed=0.002 accepted_step_inf=1.445e-9 loglik=1.393416e2 accepted_ δ ∞=1.445e-9 essian_qp_elapsed=0.002 accepted_step_inf=4.523e-11 loglik=1.393416e2 accepted_ δ ∞=4.523e-11 essian_qp_elapsed=0.001 rho_distance=6.064e-1 essian_qp_elapsed=0.001 accepted_step_inf=9.554e-1 loglik=1.392587e2 accepted_ δ ∞=9.554e-1 essian_qp_elapsed=0.002 accepted_step_inf=4.230e-2 essian_qp_elapsed=0.003 accepted_step_inf=1.785e-3 essian_qp_elapsed=0.002 accepted_step_inf=2.391e-8 essian_qp_elapsed=0.002 accepted_step_inf=1.811e-9 loglik=1.392618e2 accepted_ δ ∞=1.811e-9 essian_qp_elapsed=0.002 accepted_step_inf=1.526e-10 loglik=1.392618e2 accepted_ δ ∞=1.526e-10 essian_qp_elapsed=0.001 rho_distance=6.064e-1 accepted_iter=11 essian_qp_elapsed=0.001 accepted_step_inf=9.554e-1 loglik=1.392587e2 accepted_ δ ∞=9.554e-1 essian_qp_elapsed=0.002 accepted_step_inf=4.230e-2 essian_qp_elapsed=0.003 accepted_step_inf=1.785e-3 essian_qp_elapsed=0.002 accepted_step_inf=2.391e-8 essian_qp_elapsed=0.002 accepted_step_inf=1.811e-9 loglik=1.392618e2 accepted_ δ ∞=1.811e-9 essian_qp_elapsed=0.002 accepted_step_inf=1.526e-10 loglik=1.392618e2 accepted_ δ ∞=1.526e-10 essian_qp_elapsed=0.001 rho_distance=3.547e-1 essian_qp_elapsed=0.001 accepted_step_inf=6.369e-1 loglik=1.392301e2 accepted_ δ ∞=6.369e-1 essian_qp_elapsed=0.002 accepted_step_inf=4.532e-2 essian_qp_elapsed=0.003 accepted_step_inf=8.893e-4 essian_qp_elapsed=0.002 accepted_step_inf=1.262e-8 essian_qp_elapsed=0.002 accepted_step_inf=5.527e-10 loglik=1.392323e2 accepted_ δ ∞=5.527e-10 essian_qp_elapsed=0.003 accepted_step_inf=8.271e-11 loglik=1.392323e2 accepted_ δ ∞=8.271e-11 essian_qp_elapsed=0.001 rho_distance=3.547e-1 accepted_iter=12 essian_qp_elapsed=0.001 accepted_step_inf=6.369e-1 loglik=1.392301e2 accepted_ δ ∞=6.369e-1 essian_qp_elapsed=0.002 accepted_step_inf=4.532e-2 essian_qp_elapsed=0.003 accepted_step_inf=8.893e-4 essian_qp_elapsed=0.001 accepted_step_inf=1.262e-8 essian_qp_elapsed=0.002 accepted_step_inf=5.527e-10 loglik=1.392323e2 accepted_ δ ∞=5.527e-10 essian_qp_elapsed=0.003 accepted_step_inf=8.271e-11 loglik=1.392323e2 accepted_ δ ∞=8.271e-11 essian_qp_elapsed=0.001 rho_distance=1.028e0 essian_qp_elapsed=0.001 accepted_step_inf=1.612e0 loglik=1.392339e2 accepted_ δ ∞=1.612e0 essian_qp_elapsed=0.002 accepted_step_inf=1.034e-1 essian_qp_elapsed=0.001 accepted_step_inf=3.622e-3 essian_qp_elapsed=0.002 accepted_step_inf=5.744e-4 essian_qp_elapsed=0.001 accepted_step_inf=3.495e-5 essian_qp_elapsed=0.003 accepted_step_inf=1.375e-6 loglik=1.392358e2 accepted_ δ ∞=1.375e-6 essian_qp_elapsed=0.001 rho_distance=1.028e0 accepted_iter=13 essian_qp_elapsed=0.001 accepted_step_inf=1.612e0 loglik=1.392339e2 accepted_ δ ∞=1.612e0 essian_qp_elapsed=0.002 accepted_step_inf=1.034e-1 essian_qp_elapsed=0.001 accepted_step_inf=3.622e-3 essian_qp_elapsed=0.002 accepted_step_inf=5.744e-4 essian_qp_elapsed=0.001 accepted_step_inf=3.495e-5 essian_qp_elapsed=0.003 accepted_step_inf=1.375e-6 loglik=1.392358e2 accepted_ δ ∞=1.375e-6 essian_qp_elapsed=0.001 rho_distance=9.635e-1 essian_qp_elapsed=0.002 accepted_step_inf=7.733e-1 loglik=1.394016e2 accepted_ δ ∞=7.733e-1 essian_qp_elapsed=0.001 accepted_step_inf=1.481e-2 essian_qp_elapsed=0.002 accepted_step_inf=2.745e-3 essian_qp_elapsed=0.002 accepted_step_inf=2.303e-4 essian_qp_elapsed=0.002 accepted_step_inf=1.291e-5 essian_qp_elapsed=0.002 accepted_step_inf=1.956e-6 essian_qp_elapsed=0.002 accepted_step_inf=7.673e-8 essian_qp_elapsed=0.002 accepted_step_inf=1.403e-8 essian_qp_elapsed=0.002 accepted_step_inf=1.641e-9 loglik=1.394002e2 accepted_ δ ∞=1.641e-9 essian_qp_elapsed=0.002 accepted_step_inf=1.248e-10 loglik=1.394002e2 accepted_ δ ∞=1.248e-10 essian_qp_elapsed=0.001 rho_distance=9.635e-1 accepted_iter=14 essian_qp_elapsed=0.002 accepted_step_inf=7.733e-1 loglik=1.394016e2 accepted_ δ ∞=7.733e-1 essian_qp_elapsed=0.001 accepted_step_inf=1.481e-2 essian_qp_elapsed=0.002 accepted_step_inf=2.745e-3 essian_qp_elapsed=0.002 accepted_step_inf=2.303e-4 essian_qp_elapsed=0.002 accepted_step_inf=1.291e-5 essian_qp_elapsed=0.002 accepted_step_inf=1.956e-6 essian_qp_elapsed=0.002 accepted_step_inf=7.673e-8 essian_qp_elapsed=0.002 accepted_step_inf=1.403e-8 essian_qp_elapsed=0.002 accepted_step_inf=1.641e-9 loglik=1.394002e2 accepted_ δ ∞=1.641e-9 essian_qp_elapsed=0.002 accepted_step_inf=1.248e-10 loglik=1.394002e2 accepted_ δ ∞=1.248e-10 essian_qp_elapsed=0.001 rho_distance=1.465e0 essian_qp_elapsed=0.001 accepted_step_inf=3.060e-1 loglik=1.397263e2 accepted_ δ ∞=3.060e-1 essian_qp_elapsed=0.001 accepted_step_inf=2.414e-1 essian_qp_elapsed=0.002 accepted_step_inf=9.566e-3 essian_qp_elapsed=0.003 accepted_step_inf=1.021e-3 essian_qp_elapsed=0.002 accepted_step_inf=4.631e-8 essian_qp_elapsed=0.002 accepted_step_inf=2.655e-9 loglik=1.397415e2 accepted_ δ ∞=2.655e-9 essian_qp_elapsed=0.002 accepted_step_inf=8.558e-11 loglik=1.397415e2 accepted_ δ ∞=8.558e-11 essian_qp_elapsed=0.001 rho_distance=1.465e0 accepted_iter=15 essian_qp_elapsed=0.001 accepted_step_inf=3.060e-1 loglik=1.397263e2 accepted_ δ ∞=3.060e-1 essian_qp_elapsed=0.002 accepted_step_inf=2.414e-1 essian_qp_elapsed=0.002 accepted_step_inf=9.566e-3 essian_qp_elapsed=0.003 accepted_step_inf=1.021e-3 essian_qp_elapsed=0.002 accepted_step_inf=4.631e-8 essian_qp_elapsed=0.002 accepted_step_inf=2.655e-9 loglik=1.397415e2 accepted_ δ ∞=2.655e-9 essian_qp_elapsed=0.002 accepted_step_inf=8.558e-11 loglik=1.397415e2 accepted_ δ ∞=8.558e-11 essian_qp_elapsed=0.001 rho_distance=1.330e0 essian_qp_elapsed=0.001 accepted_step_inf=3.727e-1 loglik=1.399858e2 accepted_ δ ∞=3.727e-1 essian_qp_elapsed=0.002 accepted_step_inf=2.405e-1 essian_qp_elapsed=0.002 accepted_step_inf=1.423e-2 essian_qp_elapsed=0.003 accepted_step_inf=2.078e-3 essian_qp_elapsed=0.001 accepted_step_inf=2.727e-8 essian_qp_elapsed=0.001 accepted_step_inf=4.092e-9 essian_qp_elapsed=0.003 accepted_step_inf=5.599e-10 loglik=1.399551e2 accepted_ δ ∞=5.599e-10 essian_qp_elapsed=0.001 rho_distance=1.330e0 accepted_iter=16 essian_qp_elapsed=0.001 accepted_step_inf=3.727e-1 loglik=1.399858e2 accepted_ δ ∞=3.727e-1 essian_qp_elapsed=0.002 accepted_step_inf=2.405e-1 essian_qp_elapsed=0.002 accepted_step_inf=1.423e-2 essian_qp_elapsed=0.003 accepted_step_inf=2.078e-3 essian_qp_elapsed=0.001 accepted_step_inf=2.727e-8 essian_qp_elapsed=0.001 accepted_step_inf=4.092e-9 essian_qp_elapsed=0.003 accepted_step_inf=5.599e-10 loglik=1.399551e2 accepted_ δ ∞=5.599e-10 essian_qp_elapsed=0.001 rho_distance=9.104e-1 essian_qp_elapsed=0.001 accepted_step_inf=1.134e-1 loglik=1.401101e2 accepted_ δ ∞=1.134e-1 essian_qp_elapsed=0.002 accepted_step_inf=2.111e-1 essian_qp_elapsed=0.002 accepted_step_inf=1.614e-2 essian_qp_elapsed=0.002 accepted_step_inf=6.730e-4 essian_qp_elapsed=0.002 accepted_step_inf=1.367e-4 essian_qp_elapsed=0.003 accepted_step_inf=6.219e-6 loglik=1.401003e2 accepted_ δ ∞=6.219e-6 essian_qp_elapsed=0.001 rho_distance=9.104e-1 accepted_iter=17 essian_qp_elapsed=0.001 accepted_step_inf=1.134e-1 loglik=1.401101e2 accepted_ δ ∞=1.134e-1 essian_qp_elapsed=0.002 accepted_step_inf=2.111e-1 essian_qp_elapsed=0.002 accepted_step_inf=1.614e-2 essian_qp_elapsed=0.002 accepted_step_inf=6.730e-4 essian_qp_elapsed=0.002 accepted_step_inf=1.367e-4 essian_qp_elapsed=0.003 accepted_step_inf=6.219e-6 loglik=1.401003e2 accepted_ δ ∞=6.219e-6 essian_qp_elapsed=0.001 rho_distance=1.173e0 essian_qp_elapsed=0.001 accepted_step_inf=1.098e-1 loglik=1.402726e2 accepted_ δ ∞=1.098e-1 essian_qp_elapsed=0.002 accepted_step_inf=1.171e-1 essian_qp_elapsed=0.003 accepted_step_inf=5.590e-3 essian_qp_elapsed=0.003 accepted_step_inf=7.385e-4 essian_qp_elapsed=0.002 accepted_step_inf=1.297e-8 loglik=1.402837e2 accepted_ δ ∞=1.297e-8 essian_qp_elapsed=0.002 accepted_step_inf=2.579e-10 loglik=1.402837e2 accepted_ δ ∞=2.579e-10 essian_qp_elapsed=0.001 rho_distance=1.173e0 accepted_iter=18 essian_qp_elapsed=0.001 accepted_step_inf=1.098e-1 loglik=1.402726e2 accepted_ δ ∞=1.098e-1 essian_qp_elapsed=0.002 accepted_step_inf=1.171e-1 essian_qp_elapsed=0.002 accepted_step_inf=5.590e-3 essian_qp_elapsed=0.003 accepted_step_inf=7.385e-4 essian_qp_elapsed=0.002 accepted_step_inf=1.297e-8 loglik=1.402837e2 accepted_ δ ∞=1.297e-8 essian_qp_elapsed=0.002 accepted_step_inf=2.579e-10 loglik=1.402837e2 accepted_ δ ∞=2.579e-10 essian_qp_elapsed=0.001 rho_distance=9.323e-1 essian_qp_elapsed=0.001 accepted_step_inf=1.466e-1 loglik=1.404014e2 accepted_ δ ∞=1.466e-1 essian_qp_elapsed=0.002 accepted_step_inf=1.367e-1 essian_qp_elapsed=0.002 accepted_step_inf=1.253e-2 essian_qp_elapsed=0.003 accepted_step_inf=1.257e-3 essian_qp_elapsed=0.002 accepted_step_inf=1.127e-8 essian_qp_elapsed=0.002 accepted_step_inf=2.546e-9 loglik=1.404199e2 accepted_ δ ∞=2.546e-9 essian_qp_elapsed=0.003 accepted_step_inf=7.307e-11 loglik=1.404199e2 accepted_ δ ∞=7.307e-11 essian_qp_elapsed=0.001 rho_distance=9.323e-1 accepted_iter=19 essian_qp_elapsed=0.001 accepted_step_inf=1.466e-1 loglik=1.404014e2 accepted_ δ ∞=1.466e-1 essian_qp_elapsed=0.002 accepted_step_inf=1.367e-1 essian_qp_elapsed=0.002 accepted_step_inf=1.253e-2 essian_qp_elapsed=0.003 accepted_step_inf=1.257e-3 essian_qp_elapsed=0.002 accepted_step_inf=1.127e-8 essian_qp_elapsed=0.003 accepted_step_inf=2.546e-9 loglik=1.404199e2 accepted_ δ ∞=2.546e-9 essian_qp_elapsed=0.003 accepted_step_inf=7.307e-11 loglik=1.404199e2 accepted_ δ ∞=7.307e-11 essian_qp_elapsed=0.001 rho_distance=8.040e-1 essian_qp_elapsed=0.001 accepted_step_inf=1.825e-1 loglik=1.405243e2 accepted_ δ ∞=1.825e-1 essian_qp_elapsed=0.002 accepted_step_inf=1.179e-1 essian_qp_elapsed=0.002 accepted_step_inf=5.731e-3 essian_qp_elapsed=0.003 accepted_step_inf=3.857e-4 essian_qp_elapsed=0.002 accepted_step_inf=5.932e-9 essian_qp_elapsed=0.002 accepted_step_inf=6.956e-10 loglik=1.405263e2 accepted_ δ ∞=6.956e-10 essian_qp_elapsed=0.003 accepted_step_inf=5.144e-11 loglik=1.405263e2 accepted_ δ ∞=5.144e-11 essian_qp_elapsed=0.001 rho_distance=8.040e-1 accepted_iter=20 essian_qp_elapsed=0.001 accepted_step_inf=1.825e-1 loglik=1.405243e2 accepted_ δ ∞=1.825e-1 essian_qp_elapsed=0.003 accepted_step_inf=1.179e-1 essian_qp_elapsed=0.002 accepted_step_inf=5.731e-3 essian_qp_elapsed=0.003 accepted_step_inf=3.857e-4 essian_qp_elapsed=0.002 accepted_step_inf=5.932e-9 essian_qp_elapsed=0.002 accepted_step_inf=6.956e-10 loglik=1.405263e2 accepted_ δ ∞=6.956e-10 essian_qp_elapsed=0.003 accepted_step_inf=5.144e-11 loglik=1.405263e2 accepted_ δ ∞=5.144e-11 essian_qp_elapsed=0.001 rho_distance=8.373e-1 essian_qp_elapsed=0.001 accepted_step_inf=2.003e-1 loglik=1.406235e2 accepted_ δ ∞=2.003e-1 essian_qp_elapsed=0.003 accepted_step_inf=1.619e-1 essian_qp_elapsed=0.002 accepted_step_inf=7.141e-4 essian_qp_elapsed=0.002 accepted_step_inf=7.818e-5 essian_qp_elapsed=0.003 accepted_step_inf=3.792e-6 loglik=1.406217e2 accepted_ δ ∞=3.792e-6 essian_qp_elapsed=0.001 rho_distance=8.373e-1 accepted_iter=21 essian_qp_elapsed=0.001 accepted_step_inf=2.003e-1 loglik=1.406235e2 accepted_ δ ∞=2.003e-1 essian_qp_elapsed=0.003 accepted_step_inf=1.619e-1 essian_qp_elapsed=0.002 accepted_step_inf=7.141e-4 essian_qp_elapsed=0.002 accepted_step_inf=7.818e-5 essian_qp_elapsed=0.003 accepted_step_inf=3.792e-6 loglik=1.406217e2 accepted_ δ ∞=3.792e-6 essian_qp_elapsed=0.001 rho_distance=7.328e-1 essian_qp_elapsed=0.001 accepted_step_inf=3.876e-1 loglik=1.406947e2 accepted_ δ ∞=3.876e-1 essian_qp_elapsed=0.003 accepted_step_inf=1.167e-1 essian_qp_elapsed=0.002 accepted_step_inf=2.948e-4 essian_qp_elapsed=0.003 accepted_step_inf=1.245e-5 loglik=1.406856e2 accepted_ δ ∞=1.245e-5 essian_qp_elapsed=0.001 rho_distance=7.328e-1 accepted_iter=22 essian_qp_elapsed=0.001 accepted_step_inf=3.876e-1 loglik=1.406947e2 accepted_ δ ∞=3.876e-1 essian_qp_elapsed=0.002 accepted_step_inf=1.167e-1 essian_qp_elapsed=0.002 accepted_step_inf=2.948e-4 essian_qp_elapsed=0.003 accepted_step_inf=1.245e-5 loglik=1.406856e2 accepted_ δ ∞=1.245e-5 essian_qp_elapsed=0.001 rho_distance=4.499e-1 essian_qp_elapsed=0.002 accepted_step_inf=2.302e-1 loglik=1.407016e2 accepted_ δ ∞=2.302e-1 essian_qp_elapsed=0.003 accepted_step_inf=3.416e-2 essian_qp_elapsed=0.003 accepted_step_inf=1.223e-3 essian_qp_elapsed=0.002 accepted_step_inf=3.312e-8 essian_qp_elapsed=0.003 accepted_step_inf=5.128e-9 loglik=1.406955e2 accepted_ δ ∞=5.128e-9 essian_qp_elapsed=0.001 rho_distance=4.499e-1 accepted_iter=23 essian_qp_elapsed=0.002 accepted_step_inf=2.302e-1 loglik=1.407016e2 accepted_ δ ∞=2.302e-1 essian_qp_elapsed=0.002 accepted_step_inf=3.416e-2 essian_qp_elapsed=0.003 accepted_step_inf=1.223e-3 essian_qp_elapsed=0.003 accepted_step_inf=3.312e-8 essian_qp_elapsed=0.003 accepted_step_inf=5.128e-9 loglik=1.406955e2 accepted_ δ ∞=5.128e-9 essian_qp_elapsed=0.001 rho_distance=3.520e-1 essian_qp_elapsed=0.002 accepted_step_inf=1.824e-1 loglik=1.406578e2 accepted_ δ ∞=1.824e-1 essian_qp_elapsed=0.002 accepted_step_inf=1.112e-2 essian_qp_elapsed=0.003 accepted_step_inf=7.944e-4 essian_qp_elapsed=0.003 accepted_step_inf=3.206e-8 loglik=1.406574e2 accepted_ δ ∞=3.206e-8 essian_qp_elapsed=0.001 rho_distance=3.520e-1 accepted_iter=24 essian_qp_elapsed=0.002 accepted_step_inf=1.824e-1 loglik=1.406578e2 accepted_ δ ∞=1.824e-1 essian_qp_elapsed=0.002 accepted_step_inf=1.112e-2 essian_qp_elapsed=0.003 accepted_step_inf=7.944e-4 essian_qp_elapsed=0.003 accepted_step_inf=3.206e-8 loglik=1.406574e2 accepted_ δ ∞=3.206e-8 essian_qp_elapsed=0.001 rho_distance=4.405e-1 essian_qp_elapsed=0.001 accepted_step_inf=1.608e-1 loglik=1.405925e2 accepted_ δ ∞=1.608e-1 essian_qp_elapsed=0.003 accepted_step_inf=3.625e-2 essian_qp_elapsed=0.002 accepted_step_inf=5.921e-5 essian_qp_elapsed=0.003 accepted_step_inf=3.814e-6 loglik=1.405960e2 accepted_ δ ∞=3.814e-6 essian_qp_elapsed=0.001 rho_distance=4.405e-1 accepted_iter=25 essian_qp_elapsed=0.002 accepted_step_inf=1.608e-1 loglik=1.405925e2 accepted_ δ ∞=1.608e-1 essian_qp_elapsed=0.003 accepted_step_inf=3.625e-2 essian_qp_elapsed=0.002 accepted_step_inf=5.921e-5 essian_qp_elapsed=0.003 accepted_step_inf=3.814e-6 loglik=1.405960e2 accepted_ δ ∞=3.814e-6 essian_qp_elapsed=0.001 rho_distance=5.578e-1 essian_qp_elapsed=0.002 accepted_step_inf=2.757e-1 loglik=1.405111e2 accepted_ δ ∞=2.757e-1 essian_qp_elapsed=0.002 accepted_step_inf=4.108e-2 essian_qp_elapsed=0.002 accepted_step_inf=5.458e-3 essian_qp_elapsed=0.002 accepted_step_inf=3.112e-4 essian_qp_elapsed=0.003 accepted_step_inf=4.145e-5 loglik=1.405161e2 accepted_ δ ∞=4.145e-5 essian_qp_elapsed=0.001 rho_distance=5.578e-1 accepted_iter=26 essian_qp_elapsed=0.002 accepted_step_inf=2.757e-1 loglik=1.405111e2 accepted_ δ ∞=2.757e-1 essian_qp_elapsed=0.002 accepted_step_inf=4.108e-2 essian_qp_elapsed=0.002 accepted_step_inf=5.458e-3 essian_qp_elapsed=0.002 accepted_step_inf=3.112e-4 essian_qp_elapsed=0.003 accepted_step_inf=4.145e-5 loglik=1.405161e2 accepted_ δ ∞=4.145e-5 essian_qp_elapsed=0.001 rho_distance=4.236e-1 essian_qp_elapsed=0.002 accepted_step_inf=4.098e-1 loglik=1.404714e2 accepted_ δ ∞=4.098e-1 essian_qp_elapsed=0.002 accepted_step_inf=2.761e-2 essian_qp_elapsed=0.002 accepted_step_inf=8.704e-4 essian_qp_elapsed=0.002 accepted_step_inf=1.075e-4 essian_qp_elapsed=0.003 accepted_step_inf=1.076e-5 loglik=1.404671e2 accepted_ δ ∞=1.076e-5 essian_qp_elapsed=0.001 rho_distance=4.236e-1 accepted_iter=27 essian_qp_elapsed=0.002 accepted_step_inf=4.098e-1 loglik=1.404714e2 accepted_ δ ∞=4.098e-1 essian_qp_elapsed=0.003 accepted_step_inf=2.761e-2 essian_qp_elapsed=0.002 accepted_step_inf=8.704e-4 essian_qp_elapsed=0.002 accepted_step_inf=1.075e-4 essian_qp_elapsed=0.003 accepted_step_inf=1.076e-5 loglik=1.404671e2 accepted_ δ ∞=1.076e-5 essian_qp_elapsed=0.001 rho_distance=6.619e-1 essian_qp_elapsed=0.002 accepted_step_inf=3.317e-1 loglik=1.405064e2 accepted_ δ ∞=3.317e-1 essian_qp_elapsed=0.002 accepted_step_inf=4.653e-2 essian_qp_elapsed=0.002 accepted_step_inf=2.492e-3 essian_qp_elapsed=0.003 accepted_step_inf=2.583e-4 essian_qp_elapsed=0.002 accepted_step_inf=3.326e-9 loglik=1.405122e2 accepted_ δ ∞=3.326e-9 essian_qp_elapsed=0.002 accepted_step_inf=6.692e-11 loglik=1.405122e2 accepted_ δ ∞=6.692e-11 essian_qp_elapsed=0.001 rho_distance=6.619e-1 accepted_iter=28 essian_qp_elapsed=0.002 accepted_step_inf=3.317e-1 loglik=1.405064e2 accepted_ δ ∞=3.317e-1 essian_qp_elapsed=0.002 accepted_step_inf=4.653e-2 essian_qp_elapsed=0.002 accepted_step_inf=2.492e-3 essian_qp_elapsed=0.003 accepted_step_inf=2.583e-4 essian_qp_elapsed=0.002 accepted_step_inf=3.326e-9 loglik=1.405122e2 accepted_ δ ∞=3.326e-9 essian_qp_elapsed=0.002 accepted_step_inf=6.692e-11 loglik=1.405122e2 accepted_ δ ∞=6.692e-11 essian_qp_elapsed=0.001 rho_distance=9.540e-1 essian_qp_elapsed=0.001 accepted_step_inf=7.238e-2 loglik=1.405741e2 accepted_ δ ∞=7.238e-2 essian_qp_elapsed=0.002 accepted_step_inf=8.374e-2 essian_qp_elapsed=0.003 accepted_step_inf=5.511e-3 essian_qp_elapsed=0.002 accepted_step_inf=1.397e-6 essian_qp_elapsed=0.003 accepted_step_inf=2.090e-8 loglik=1.406043e2 accepted_ δ ∞=2.090e-8 essian_qp_elapsed=0.001 rho_distance=9.540e-1 accepted_iter=29 essian_qp_elapsed=0.001 accepted_step_inf=7.238e-2 loglik=1.405741e2 accepted_ δ ∞=7.238e-2 essian_qp_elapsed=0.002 accepted_step_inf=8.374e-2 essian_qp_elapsed=0.003 accepted_step_inf=5.511e-3 essian_qp_elapsed=0.002 accepted_step_inf=1.397e-6 essian_qp_elapsed=0.003 accepted_step_inf=2.090e-8 loglik=1.406043e2 accepted_ δ ∞=2.090e-8 essian_qp_elapsed=0.001 rho_distance=9.040e-1 essian_qp_elapsed=0.001 accepted_step_inf=6.943e-2 loglik=1.406649e2 accepted_ δ ∞=6.943e-2 essian_qp_elapsed=0.003 accepted_step_inf=8.764e-2 essian_qp_elapsed=0.003 accepted_step_inf=1.090e-4 essian_qp_elapsed=0.003 accepted_step_inf=1.257e-9 loglik=1.406852e2 accepted_ δ ∞=1.257e-9 essian_qp_elapsed=0.001 rho_distance=9.040e-1 accepted_iter=30 essian_qp_elapsed=0.001 accepted_step_inf=6.943e-2 loglik=1.406649e2 accepted_ δ ∞=6.943e-2 essian_qp_elapsed=0.003 accepted_step_inf=8.764e-2 essian_qp_elapsed=0.003 accepted_step_inf=1.090e-4 essian_qp_elapsed=0.003 accepted_step_inf=1.257e-9 loglik=1.406852e2 accepted_ δ ∞=1.257e-9 essian_qp_elapsed=0.001 rho_distance=8.877e-1 essian_qp_elapsed=0.001 accepted_step_inf=6.036e-2 loglik=1.407354e2 accepted_ δ ∞=6.036e-2 essian_qp_elapsed=0.003 accepted_step_inf=8.575e-2 essian_qp_elapsed=0.003 accepted_step_inf=1.223e-4 essian_qp_elapsed=0.003 accepted_step_inf=1.590e-9 loglik=1.407527e2 accepted_ δ ∞=1.590e-9 essian_qp_elapsed=0.001 rho_distance=8.877e-1 accepted_iter=31 essian_qp_elapsed=0.001 accepted_step_inf=6.036e-2 loglik=1.407354e2 accepted_ δ ∞=6.036e-2 essian_qp_elapsed=0.003 accepted_step_inf=8.575e-2 essian_qp_elapsed=0.003 accepted_step_inf=1.223e-4 essian_qp_elapsed=0.003 accepted_step_inf=1.590e-9 loglik=1.407527e2 accepted_ δ ∞=1.590e-9 essian_qp_elapsed=0.001 rho_distance=1.064e0 essian_qp_elapsed=0.001 accepted_step_inf=5.851e-2 loglik=1.407964e2 accepted_ δ ∞=5.851e-2 essian_qp_elapsed=0.003 accepted_step_inf=9.599e-2 essian_qp_elapsed=0.003 accepted_step_inf=1.403e-4 essian_qp_elapsed=0.003 accepted_step_inf=2.139e-9 loglik=1.408130e2 accepted_ δ ∞=2.139e-9 essian_qp_elapsed=0.001 rho_distance=1.064e0 accepted_iter=32 essian_qp_elapsed=0.001 accepted_step_inf=5.851e-2 loglik=1.407964e2 accepted_ δ ∞=5.851e-2 essian_qp_elapsed=0.003 accepted_step_inf=9.599e-2 essian_qp_elapsed=0.003 accepted_step_inf=1.403e-4 essian_qp_elapsed=0.003 accepted_step_inf=2.139e-9 loglik=1.408130e2 accepted_ δ ∞=2.139e-9 essian_qp_elapsed=0.001 rho_distance=1.501e0 essian_qp_elapsed=0.001 accepted_step_inf=9.395e-2 loglik=1.408633e2 accepted_ δ ∞=9.395e-2 essian_qp_elapsed=0.003 accepted_step_inf=1.010e-1 essian_qp_elapsed=0.003 accepted_step_inf=1.163e-4 essian_qp_elapsed=0.003 accepted_step_inf=1.052e-9 loglik=1.408606e2 accepted_ δ ∞=1.052e-9 essian_qp_elapsed=0.001 rho_distance=1.501e0 accepted_iter=33 essian_qp_elapsed=0.001 accepted_step_inf=9.395e-2 loglik=1.408633e2 accepted_ δ ∞=9.395e-2 essian_qp_elapsed=0.003 accepted_step_inf=1.010e-1 essian_qp_elapsed=0.003 accepted_step_inf=1.163e-4 essian_qp_elapsed=0.003 accepted_step_inf=1.052e-9 loglik=1.408606e2 accepted_ δ ∞=1.052e-9 essian_qp_elapsed=0.001 rho_distance=2.118e0 essian_qp_elapsed=0.001 accepted_step_inf=1.095e-1 loglik=1.409002e2 accepted_ δ ∞=1.095e-1 essian_qp_elapsed=0.003 accepted_step_inf=8.029e-2 essian_qp_elapsed=0.003 accepted_step_inf=3.732e-2 essian_qp_elapsed=0.003 accepted_step_inf=4.151e-5 loglik=1.408677e2 accepted_ δ ∞=4.151e-5 essian_qp_elapsed=0.001 rho_distance=2.118e0 accepted_iter=34 essian_qp_elapsed=0.001 accepted_step_inf=1.095e-1 loglik=1.409002e2 accepted_ δ ∞=1.095e-1 essian_qp_elapsed=0.003 accepted_step_inf=8.029e-2 essian_qp_elapsed=0.003 accepted_step_inf=3.732e-2 essian_qp_elapsed=0.003 accepted_step_inf=4.151e-5 loglik=1.408677e2 accepted_ δ ∞=4.151e-5 essian_qp_elapsed=0.001 rho_distance=2.511e0 essian_qp_elapsed=0.001 accepted_step_inf=1.233e-1 loglik=1.408893e2 accepted_ δ ∞=1.233e-1 essian_qp_elapsed=0.003 accepted_step_inf=5.999e-2 essian_qp_elapsed=0.003 accepted_step_inf=1.141e-1 essian_qp_elapsed=0.003 accepted_step_inf=1.522e-2 essian_qp_elapsed=0.003 accepted_step_inf=2.782e-5 loglik=1.408077e2 accepted_ δ ∞=2.782e-5 essian_qp_elapsed=0.001 rho_distance=2.511e0 accepted_iter=35 essian_qp_elapsed=0.001 accepted_step_inf=1.233e-1 loglik=1.408893e2 accepted_ δ ∞=1.233e-1 essian_qp_elapsed=0.003 accepted_step_inf=5.999e-2 essian_qp_elapsed=0.003 accepted_step_inf=1.141e-1 essian_qp_elapsed=0.003 accepted_step_inf=1.522e-2 essian_qp_elapsed=0.003 accepted_step_inf=2.782e-5 loglik=1.408077e2 accepted_ δ ∞=2.782e-5 essian_qp_elapsed=0.001 rho_distance=1.461e0 essian_qp_elapsed=0.003 accepted_step_inf=1.885e-1 loglik=1.407264e2 accepted_ δ ∞=1.885e-1 essian_qp_elapsed=0.003 accepted_step_inf=5.501e-3 essian_qp_elapsed=0.003 accepted_step_inf=1.597e-6 loglik=1.407262e2 accepted_ δ ∞=1.597e-6 essian_qp_elapsed=0.001 rho_distance=1.461e0 accepted_iter=36 essian_qp_elapsed=0.003 accepted_step_inf=1.885e-1 loglik=1.407264e2 accepted_ δ ∞=1.885e-1 essian_qp_elapsed=0.003 accepted_step_inf=5.501e-3 essian_qp_elapsed=0.003 accepted_step_inf=1.597e-6 loglik=1.407262e2 accepted_ δ ∞=1.597e-6 essian_qp_elapsed=0.001 rho_distance=2.141e-1 essian_qp_elapsed=0.003 accepted_step_inf=5.662e-2 loglik=1.406879e2 accepted_ δ ∞=5.662e-2 essian_qp_elapsed=0.003 accepted_step_inf=5.800e-4 loglik=1.406879e2 accepted_ δ ∞=5.800e-4 essian_qp_elapsed=0.003 accepted_step_inf=1.814e-8 loglik=1.406879e2 accepted_ δ ∞=1.814e-8 essian_qp_elapsed=0.001 rho_distance=2.141e-1 essian_qp_elapsed=0.003 accepted_step_inf=5.662e-2 loglik=1.406879e2 accepted_ δ ∞=5.662e-2 essian_qp_elapsed=0.003 accepted_step_inf=5.800e-4 loglik=1.406879e2 accepted_ δ ∞=5.800e-4 essian_qp_elapsed=0.003 accepted_step_inf=1.814e-8 loglik=1.406879e2 accepted_ δ ∞=1.814e-8 essian_qp_elapsed=0.001 rho_distance=1.079e0 essian_qp_elapsed=0.002 accepted_step_inf=4.081e-2 loglik=1.406553e2 accepted_ δ ∞=4.081e-2 essian_qp_elapsed=0.003 accepted_step_inf=4.101e-2 essian_qp_elapsed=0.003 accepted_step_inf=5.960e-5 loglik=1.406463e2 accepted_ δ ∞=5.960e-5 essian_qp_elapsed=0.001 rho_distance=1.079e0 essian_qp_elapsed=0.002 accepted_step_inf=4.081e-2 loglik=1.406553e2 accepted_ δ ∞=4.081e-2 essian_qp_elapsed=0.003 accepted_step_inf=4.101e-2 essian_qp_elapsed=0.003 accepted_step_inf=5.960e-5 loglik=1.406463e2 accepted_ δ ∞=5.960e-5 essian_qp_elapsed=0.001 rho_distance=2.422e0 essian_qp_elapsed=0.002 accepted_step_inf=1.495e-1 loglik=1.405675e2 accepted_ δ ∞=1.495e-1 essian_qp_elapsed=0.003 accepted_step_inf=3.991e-2 essian_qp_elapsed=0.003 accepted_step_inf=5.230e-5 loglik=1.405738e2 accepted_ δ ∞=5.230e-5 essian_qp_elapsed=0.001 accepted_step_inf=3.054e-10 loglik=1.405738e2 accepted_ δ ∞=3.054e-10 essian_qp_elapsed=0.001 rho_distance=2.422e0 essian_qp_elapsed=0.002 accepted_step_inf=1.495e-1 loglik=1.405675e2 accepted_ δ ∞=1.495e-1 essian_qp_elapsed=0.003 accepted_step_inf=3.991e-2 essian_qp_elapsed=0.003 accepted_step_inf=5.230e-5 loglik=1.405738e2 accepted_ δ ∞=5.230e-5 essian_qp_elapsed=0.001 accepted_step_inf=3.054e-10 loglik=1.405738e2 accepted_ δ ∞=3.054e-10 essian_qp_elapsed=0.001 rho_distance=7.445e-1 essian_qp_elapsed=0.003 accepted_step_inf=4.330e-2 loglik=1.405545e2 accepted_ δ ∞=4.330e-2 essian_qp_elapsed=0.003 accepted_step_inf=5.126e-2 essian_qp_elapsed=0.003 accepted_step_inf=2.862e-5 loglik=1.405510e2 accepted_ δ ∞=2.862e-5 essian_qp_elapsed=0.001 rho_distance=7.445e-1 essian_qp_elapsed=0.001 accepted_step_inf=4.330e-2 loglik=1.405545e2 accepted_ δ ∞=4.330e-2 essian_qp_elapsed=0.004 accepted_step_inf=5.126e-2 essian_qp_elapsed=0.003 accepted_step_inf=2.862e-5 loglik=1.405510e2 accepted_ δ ∞=2.862e-5 essian_qp_elapsed=0.001 rho_distance=8.772e-2 essian_qp_elapsed=0.003 accepted_step_inf=2.984e-2 loglik=1.405491e2 accepted_ δ ∞=2.984e-2 essian_qp_elapsed=0.003 accepted_step_inf=3.194e-5 loglik=1.405491e2 accepted_ δ ∞=3.194e-5 essian_qp_elapsed=0.001 rho_distance=8.772e-2 essian_qp_elapsed=0.004 accepted_step_inf=2.984e-2 loglik=1.405491e2 accepted_ δ ∞=2.984e-2 essian_qp_elapsed=0.004 accepted_step_inf=3.194e-5 loglik=1.405491e2 accepted_ δ ∞=3.194e-5 essian_qp_elapsed=0.001 rho_distance=4.460e-2 essian_qp_elapsed=0.002 accepted_step_inf=5.464e-3 loglik=1.405458e2 accepted_ δ ∞=5.464e-3 essian_qp_elapsed=0.005 accepted_step_inf=1.963e-3 essian_qp_elapsed=0.003 accepted_step_inf=8.160e-8 loglik=1.405461e2 accepted_ δ ∞=8.160e-8 essian_qp_elapsed=0.001 rho_distance=4.460e-2 essian_qp_elapsed=0.003 accepted_step_inf=5.464e-3 loglik=1.405458e2 accepted_ δ ∞=5.464e-3 essian_qp_elapsed=0.003 accepted_step_inf=1.963e-3 essian_qp_elapsed=0.003 accepted_step_inf=8.160e-8 loglik=1.405461e2 accepted_ δ ∞=8.160e-8 essian_qp_elapsed=0.001 rho_distance=2.200e-1 essian_qp_elapsed=0.002 accepted_step_inf=3.113e-2 loglik=1.405279e2 accepted_ δ ∞=3.113e-2 essian_qp_elapsed=0.003 accepted_step_inf=1.007e-2 essian_qp_elapsed=0.003 accepted_step_inf=2.757e-6 loglik=1.405298e2 accepted_ δ ∞=2.757e-6 essian_qp_elapsed=0.001 rho_distance=2.200e-1 essian_qp_elapsed=0.002 accepted_step_inf=3.113e-2 loglik=1.405279e2 accepted_ δ ∞=3.113e-2 essian_qp_elapsed=0.003 accepted_step_inf=1.007e-2 essian_qp_elapsed=0.003 accepted_step_inf=2.757e-6 loglik=1.405298e2 accepted_ δ ∞=2.757e-6 essian_qp_elapsed=0.001 rho_distance=2.200e-1 essian_qp_elapsed=0.002 accepted_step_inf=6.359e-2 loglik=1.405093e2 accepted_ δ ∞=6.359e-2 essian_qp_elapsed=0.003 accepted_step_inf=2.031e-2 essian_qp_elapsed=0.003 accepted_step_inf=1.115e-5 loglik=1.405130e2 accepted_ δ ∞=1.115e-5 essian_qp_elapsed=0.001 rho_distance=2.200e-1 essian_qp_elapsed=0.002 accepted_step_inf=6.359e-2 loglik=1.405093e2 accepted_ δ ∞=6.359e-2 essian_qp_elapsed=0.003 accepted_step_inf=2.031e-2 essian_qp_elapsed=0.003 accepted_step_inf=1.115e-5 loglik=1.405130e2 accepted_ δ ∞=1.115e-5 essian_qp_elapsed=0.001 rho_distance=9.679e-1 essian_qp_elapsed=0.002 accepted_step_inf=1.748e-1 loglik=1.404226e2 accepted_ δ ∞=1.748e-1 essian_qp_elapsed=0.003 accepted_step_inf=4.778e-2 essian_qp_elapsed=0.003 accepted_step_inf=6.055e-5 loglik=1.404308e2 accepted_ δ ∞=6.055e-5 essian_qp_elapsed=0.001 accepted_step_inf=3.025e-10 loglik=1.404308e2 accepted_ δ ∞=3.025e-10 essian_qp_elapsed=0.001 rho_distance=9.679e-1 essian_qp_elapsed=0.002 accepted_step_inf=1.748e-1 loglik=1.404226e2 accepted_ δ ∞=1.748e-1 essian_qp_elapsed=0.003 accepted_step_inf=4.778e-2 essian_qp_elapsed=0.003 accepted_step_inf=6.055e-5 loglik=1.404308e2 accepted_ δ ∞=6.055e-5 essian_qp_elapsed=0.001 accepted_step_inf=3.025e-10 loglik=1.404308e2 accepted_ δ ∞=3.025e-10 essian_qp_elapsed=0.001 rho_distance=3.100e0 essian_qp_elapsed=0.002 accepted_step_inf=6.749e-1 loglik=1.400436e2 accepted_ δ ∞=6.749e-1 essian_qp_elapsed=0.003 accepted_step_inf=5.050e-1 essian_qp_elapsed=0.003 accepted_step_inf=3.207e-3 essian_qp_elapsed=0.003 accepted_step_inf=1.186e-6 loglik=1.400164e2 accepted_ δ ∞=1.186e-6 essian_qp_elapsed=0.001 rho_distance=3.100e0 essian_qp_elapsed=0.002 accepted_step_inf=6.749e-1 loglik=1.400436e2 accepted_ δ ∞=6.749e-1 essian_qp_elapsed=0.003 accepted_step_inf=5.050e-1 essian_qp_elapsed=0.003 accepted_step_inf=3.207e-3 essian_qp_elapsed=0.003 accepted_step_inf=1.186e-6 loglik=1.400164e2 accepted_ δ ∞=1.186e-6 essian_qp_elapsed=0.001 rho_distance=1.196e0 essian_qp_elapsed=0.003 accepted_step_inf=7.028e-1 loglik=1.401908e2 accepted_ δ ∞=7.028e-1 essian_qp_elapsed=0.003 accepted_step_inf=7.666e-3 essian_qp_elapsed=0.003 accepted_step_inf=8.195e-6 loglik=1.401895e2 accepted_ δ ∞=8.195e-6 essian_qp_elapsed=0.001 rho_distance=1.196e0 accepted_iter=45 essian_qp_elapsed=0.003 accepted_step_inf=7.028e-1 loglik=1.401908e2 accepted_ δ ∞=7.028e-1 essian_qp_elapsed=0.003 accepted_step_inf=7.666e-3 essian_qp_elapsed=0.003 accepted_step_inf=8.195e-6 loglik=1.401895e2 accepted_ δ ∞=8.195e-6 essian_qp_elapsed=0.001 rho_distance=2.647e0 essian_qp_elapsed=0.001 accepted_step_inf=1.724e-1 loglik=1.402635e2 accepted_ δ ∞=1.724e-1 essian_qp_elapsed=0.003 accepted_step_inf=1.092e-1 essian_qp_elapsed=0.003 accepted_step_inf=2.635e-2 essian_qp_elapsed=0.003 accepted_step_inf=1.064e-5 loglik=1.402711e2 accepted_ δ ∞=1.064e-5 essian_qp_elapsed=0.001 rho_distance=2.647e0 accepted_iter=46 essian_qp_elapsed=0.001 accepted_step_inf=1.724e-1 loglik=1.402635e2 accepted_ δ ∞=1.724e-1 essian_qp_elapsed=0.003 accepted_step_inf=1.092e-1 essian_qp_elapsed=0.003 accepted_step_inf=2.635e-2 essian_qp_elapsed=0.003 accepted_step_inf=1.064e-5 loglik=1.402711e2 accepted_ δ ∞=1.064e-5 essian_qp_elapsed=0.001 rho_distance=1.254e0 essian_qp_elapsed=0.002 accepted_step_inf=1.158e-1 loglik=1.402221e2 accepted_ δ ∞=1.158e-1 essian_qp_elapsed=0.003 accepted_step_inf=1.072e-1 essian_qp_elapsed=0.003 accepted_step_inf=2.172e-4 essian_qp_elapsed=0.003 accepted_step_inf=3.833e-9 loglik=1.402202e2 accepted_ δ ∞=3.833e-9 essian_qp_elapsed=0.001 rho_distance=1.254e0 accepted_iter=47 essian_qp_elapsed=0.001 accepted_step_inf=1.158e-1 loglik=1.402221e2 accepted_ δ ∞=1.158e-1 essian_qp_elapsed=0.003 accepted_step_inf=1.072e-1 essian_qp_elapsed=0.003 accepted_step_inf=2.172e-4 essian_qp_elapsed=0.003 accepted_step_inf=3.833e-9 loglik=1.402202e2 accepted_ δ ∞=3.833e-9 essian_qp_elapsed=0.001 rho_distance=5.212e-1 essian_qp_elapsed=0.002 accepted_step_inf=6.353e-2 loglik=1.402009e2 accepted_ δ ∞=6.353e-2 essian_qp_elapsed=0.003 accepted_step_inf=5.214e-2 essian_qp_elapsed=0.003 accepted_step_inf=4.929e-5 loglik=1.402009e2 accepted_ δ ∞=4.929e-5 essian_qp_elapsed=0.001 accepted_step_inf=1.461e-10 loglik=1.402009e2 accepted_ δ ∞=1.461e-10 essian_qp_elapsed=0.001 rho_distance=5.212e-1 accepted_iter=48 essian_qp_elapsed=0.002 accepted_step_inf=6.353e-2 loglik=1.402009e2 accepted_ δ ∞=6.353e-2 essian_qp_elapsed=0.003 accepted_step_inf=5.214e-2 essian_qp_elapsed=0.003 accepted_step_inf=4.929e-5 loglik=1.402009e2 accepted_ δ ∞=4.929e-5 essian_qp_elapsed=0.001 accepted_step_inf=1.461e-10 loglik=1.402009e2 accepted_ δ ∞=1.461e-10 essian_qp_elapsed=0.001 rho_distance=1.381e-1 essian_qp_elapsed=0.003 accepted_step_inf=3.945e-2 loglik=1.402035e2 accepted_ δ ∞=3.945e-2 essian_qp_elapsed=0.003 accepted_step_inf=1.410e-4 loglik=1.402035e2 accepted_ δ ∞=1.410e-4 essian_qp_elapsed=0.001 accepted_step_inf=1.085e-9 loglik=1.402035e2 accepted_ δ ∞=1.085e-9 essian_qp_elapsed=0.001 rho_distance=1.381e-1 accepted_iter=49 essian_qp_elapsed=0.003 accepted_step_inf=3.945e-2 loglik=1.402035e2 accepted_ δ ∞=3.945e-2 essian_qp_elapsed=0.003 accepted_step_inf=1.410e-4 loglik=1.402035e2 accepted_ δ ∞=1.410e-4 essian_qp_elapsed=0.001 accepted_step_inf=1.085e-9 loglik=1.402035e2 accepted_ δ ∞=1.085e-9 essian_qp_elapsed=0.001 rho_distance=3.144e-1 essian_qp_elapsed=0.003 accepted_step_inf=1.452e-1 loglik=1.402024e2 accepted_ δ ∞=1.452e-1 essian_qp_elapsed=0.003 accepted_step_inf=7.882e-4 essian_qp_elapsed=0.003 accepted_step_inf=3.317e-8 loglik=1.402023e2 accepted_ δ ∞=3.317e-8 essian_qp_elapsed=0.001 rho_distance=3.144e-1 essian_qp_elapsed=0.003 accepted_step_inf=1.452e-1 loglik=1.402024e2 accepted_ δ ∞=1.452e-1 essian_qp_elapsed=0.003 accepted_step_inf=7.882e-4 essian_qp_elapsed=0.003 accepted_step_inf=3.317e-8 loglik=1.402023e2 accepted_ δ ∞=3.317e-8 essian_qp_elapsed=0.001 rho_distance=7.742e-1 essian_qp_elapsed=0.002 accepted_step_inf=7.275e-2 loglik=1.402224e2 accepted_ δ ∞=7.275e-2 essian_qp_elapsed=0.003 accepted_step_inf=7.643e-2 essian_qp_elapsed=0.003 accepted_step_inf=6.547e-5 loglik=1.402193e2 accepted_ δ ∞=6.547e-5 essian_qp_elapsed=0.001 accepted_step_inf=5.008e-10 loglik=1.402193e2 accepted_ δ ∞=5.008e-10 essian_qp_elapsed=0.001 rho_distance=7.742e-1 essian_qp_elapsed=0.002 accepted_step_inf=7.275e-2 loglik=1.402224e2 accepted_ δ ∞=7.275e-2 essian_qp_elapsed=0.003 accepted_step_inf=7.643e-2 essian_qp_elapsed=0.003 accepted_step_inf=6.547e-5 loglik=1.402193e2 accepted_ δ ∞=6.547e-5 essian_qp_elapsed=0.001 accepted_step_inf=5.008e-10 loglik=1.402193e2 accepted_ δ ∞=5.008e-10 essian_qp_elapsed=0.001 rho_distance=1.275e0 essian_qp_elapsed=0.002 accepted_step_inf=6.108e-2 loglik=1.402290e2 accepted_ δ ∞=6.108e-2 essian_qp_elapsed=0.003 accepted_step_inf=9.430e-2 essian_qp_elapsed=0.003 accepted_step_inf=1.326e-2 essian_qp_elapsed=0.003 accepted_step_inf=2.586e-6 loglik=1.402183e2 accepted_ δ ∞=2.586e-6 essian_qp_elapsed=0.001 rho_distance=1.275e0 essian_qp_elapsed=0.001 accepted_step_inf=6.108e-2 loglik=1.402290e2 accepted_ δ ∞=6.108e-2 essian_qp_elapsed=0.003 accepted_step_inf=9.430e-2 essian_qp_elapsed=0.003 accepted_step_inf=1.326e-2 essian_qp_elapsed=0.003 accepted_step_inf=2.586e-6 loglik=1.402183e2 accepted_ δ ∞=2.586e-6 essian_qp_elapsed=0.001 rho_distance=1.482e0 essian_qp_elapsed=0.001 accepted_step_inf=6.675e-3 loglik=1.402243e2 accepted_ δ ∞=6.675e-3 essian_qp_elapsed=0.003 accepted_step_inf=8.988e-2 essian_qp_elapsed=0.003 accepted_step_inf=2.178e-4 loglik=1.402345e2 accepted_ δ ∞=2.178e-4 essian_qp_elapsed=0.001 accepted_step_inf=2.689e-9 loglik=1.402345e2 accepted_ δ ∞=2.689e-9 essian_qp_elapsed=0.001 rho_distance=1.482e0 essian_qp_elapsed=0.001 accepted_step_inf=6.675e-3 loglik=1.402243e2 accepted_ δ ∞=6.675e-3 essian_qp_elapsed=0.003 accepted_step_inf=8.988e-2 essian_qp_elapsed=0.003 accepted_step_inf=2.178e-4 loglik=1.402345e2 accepted_ δ ∞=2.178e-4 essian_qp_elapsed=0.001 accepted_step_inf=2.689e-9 loglik=1.402345e2 accepted_ δ ∞=2.689e-9 essian_qp_elapsed=0.001 rho_distance=1.024e0 essian_qp_elapsed=0.001 accepted_step_inf=7.470e-3 loglik=1.402370e2 accepted_ δ ∞=7.470e-3 essian_qp_elapsed=0.003 accepted_step_inf=5.457e-2 essian_qp_elapsed=0.003 accepted_step_inf=1.618e-4 loglik=1.402161e2 accepted_ δ ∞=1.618e-4 essian_qp_elapsed=0.001 accepted_step_inf=1.462e-9 loglik=1.402161e2 accepted_ δ ∞=1.462e-9 essian_qp_elapsed=0.001 rho_distance=1.024e0 essian_qp_elapsed=0.001 accepted_step_inf=7.470e-3 loglik=1.402370e2 accepted_ δ ∞=7.470e-3 essian_qp_elapsed=0.003 accepted_step_inf=5.457e-2 essian_qp_elapsed=0.003 accepted_step_inf=1.618e-4 loglik=1.402161e2 accepted_ δ ∞=1.618e-4 essian_qp_elapsed=0.001 accepted_step_inf=1.462e-9 loglik=1.402161e2 accepted_ δ ∞=1.462e-9 essian_qp_elapsed=0.001 rho_distance=9.041e-1 essian_qp_elapsed=0.001 accepted_step_inf=3.774e-3 loglik=1.402187e2 accepted_ δ ∞=3.774e-3 essian_qp_elapsed=0.003 accepted_step_inf=5.221e-2 essian_qp_elapsed=0.003 accepted_step_inf=4.956e-5 loglik=1.402306e2 accepted_ δ ∞=4.956e-5 essian_qp_elapsed=0.001 accepted_step_inf=3.884e-10 loglik=1.402306e2 accepted_ δ ∞=3.884e-10 essian_qp_elapsed=0.001 rho_distance=9.041e-1 essian_qp_elapsed=0.001 accepted_step_inf=3.774e-3 loglik=1.402187e2 accepted_ δ ∞=3.774e-3 essian_qp_elapsed=0.003 accepted_step_inf=5.221e-2 essian_qp_elapsed=0.003 accepted_step_inf=4.956e-5 loglik=1.402306e2 accepted_ δ ∞=4.956e-5 essian_qp_elapsed=0.001 accepted_step_inf=3.884e-10 loglik=1.402306e2 accepted_ δ ∞=3.884e-10 essian_qp_elapsed=0.001 rho_distance=1.140e0 essian_qp_elapsed=0.001 accepted_step_inf=2.676e-3 loglik=1.402323e2 accepted_ δ ∞=2.676e-3 essian_qp_elapsed=0.003 accepted_step_inf=4.617e-2 essian_qp_elapsed=0.003 accepted_step_inf=2.752e-5 loglik=1.402307e2 accepted_ δ ∞=2.752e-5 essian_qp_elapsed=0.001 rho_distance=1.140e0 essian_qp_elapsed=0.001 accepted_step_inf=2.676e-3 loglik=1.402323e2 accepted_ δ ∞=2.676e-3 essian_qp_elapsed=0.003 accepted_step_inf=4.617e-2 essian_qp_elapsed=0.003 accepted_step_inf=2.752e-5 loglik=1.402307e2 accepted_ δ ∞=2.752e-5 essian_qp_elapsed=0.001 rho_distance=1.474e0 essian_qp_elapsed=0.001 accepted_step_inf=3.005e-3 loglik=1.402319e2 accepted_ δ ∞=3.005e-3 essian_qp_elapsed=0.003 accepted_step_inf=5.290e-2 essian_qp_elapsed=0.003 accepted_step_inf=4.811e-3 essian_qp_elapsed=0.003 accepted_step_inf=3.084e-7 loglik=1.402359e2 accepted_ δ ∞=3.084e-7 essian_qp_elapsed=0.001 rho_distance=1.474e0 essian_qp_elapsed=0.001 accepted_step_inf=3.005e-3 loglik=1.402319e2 accepted_ δ ∞=3.005e-3 essian_qp_elapsed=0.003 accepted_step_inf=5.290e-2 essian_qp_elapsed=0.003 accepted_step_inf=4.811e-3 essian_qp_elapsed=0.003 accepted_step_inf=3.084e-7 loglik=1.402359e2 accepted_ δ ∞=3.084e-7 essian_qp_elapsed=0.001 rho_distance=8.655e-1 essian_qp_elapsed=0.001 accepted_step_inf=2.446e-3 loglik=1.402362e2 accepted_ δ ∞=2.446e-3 essian_qp_elapsed=0.003 accepted_step_inf=2.997e-2 essian_qp_elapsed=0.003 accepted_step_inf=1.662e-2 essian_qp_elapsed=0.003 accepted_step_inf=3.690e-6 loglik=1.402321e2 accepted_ δ ∞=3.690e-6 essian_qp_elapsed=0.001 rho_distance=8.655e-1 essian_qp_elapsed=0.001 accepted_step_inf=2.446e-3 loglik=1.402362e2 accepted_ δ ∞=2.446e-3 essian_qp_elapsed=0.003 accepted_step_inf=2.997e-2 essian_qp_elapsed=0.003 accepted_step_inf=1.662e-2 essian_qp_elapsed=0.003 accepted_step_inf=3.690e-6 loglik=1.402321e2 accepted_ δ ∞=3.690e-6 essian_qp_elapsed=0.001 rho_distance=7.213e-2 essian_qp_elapsed=0.003 accepted_step_inf=2.479e-2 loglik=1.402263e2 accepted_ δ ∞=2.479e-2 essian_qp_elapsed=0.003 accepted_step_inf=9.914e-6 loglik=1.402263e2 accepted_ δ ∞=9.914e-6 essian_qp_elapsed=0.001 rho_distance=7.213e-2 essian_qp_elapsed=0.003 accepted_step_inf=2.479e-2 loglik=1.402263e2 accepted_ δ ∞=2.479e-2 essian_qp_elapsed=0.003 accepted_step_inf=9.914e-6 loglik=1.402263e2 accepted_ δ ∞=9.914e-6 essian_qp_elapsed=0.001 essian_qp_elapsed=0.001 accepted_step_inf=6.459e0 loglik=1.903778e2 accepted_ δ ∞=6.459e0 essian_qp_elapsed=0.001 accepted_step_inf=2.373e0 essian_qp_elapsed=0.002 accepted_step_inf=1.386e0 essian_qp_elapsed=0.002 accepted_step_inf=5.437e-1 essian_qp_elapsed=0.002 accepted_step_inf=3.398e-2 essian_qp_elapsed=0.002 accepted_step_inf=7.767e-3 essian_qp_elapsed=0.001 accepted_step_inf=8.329e-5 essian_qp_elapsed=0.003 accepted_step_inf=9.084e-6 loglik=1.880701e2 accepted_ δ ∞=9.084e-6 essian_qp_elapsed=0.001 essian_qp_elapsed=0.001 accepted_step_inf=1.419e0 loglik=1.799120e2 accepted_ δ ∞=1.419e0 essian_qp_elapsed=0.001 accepted_step_inf=8.226e-2 essian_qp_elapsed=0.002 accepted_step_inf=3.237e-2 essian_qp_elapsed=0.001 accepted_step_inf=4.622e-4 essian_qp_elapsed=0.002 accepted_step_inf=6.766e-5 essian_qp_elapsed=0.002 accepted_step_inf=4.164e-6 essian_qp_elapsed=0.002 accepted_step_inf=3.626e-7 essian_qp_elapsed=0.002 accepted_step_inf=2.855e-8 essian_qp_elapsed=0.002 accepted_step_inf=1.793e-9 loglik=1.797778e2 accepted_ δ ∞=1.793e-9 essian_qp_elapsed=0.002 accepted_step_inf=2.150e-10 loglik=1.797778e2 accepted_ δ ∞=2.150e-10 essian_qp_elapsed=0.001 accepted_iter=60 essian_qp_elapsed=0.001 accepted_step_inf=1.419e0 loglik=1.799120e2 accepted_ δ ∞=1.419e0 essian_qp_elapsed=0.001 accepted_step_inf=8.226e-2 essian_qp_elapsed=0.002 accepted_step_inf=3.237e-2 essian_qp_elapsed=0.001 accepted_step_inf=4.622e-4 essian_qp_elapsed=0.002 accepted_step_inf=6.766e-5 essian_qp_elapsed=0.002 accepted_step_inf=4.164e-6 essian_qp_elapsed=0.002 accepted_step_inf=3.626e-7 essian_qp_elapsed=0.002 accepted_step_inf=2.855e-8 essian_qp_elapsed=0.002 accepted_step_inf=1.793e-9 loglik=1.797778e2 accepted_ δ ∞=1.793e-9 essian_qp_elapsed=0.002 accepted_step_inf=2.150e-10 loglik=1.797778e2 accepted_ δ ∞=2.150e-10 essian_qp_elapsed=0.001 rho_distance=1.000e0 essian_qp_elapsed=0.001 accepted_step_inf=2.794e0 loglik=1.730111e2 accepted_ δ ∞=2.794e0 essian_qp_elapsed=0.001 accepted_step_inf=1.768e-1 essian_qp_elapsed=0.003 accepted_step_inf=7.329e-2 essian_qp_elapsed=0.001 accepted_step_inf=9.423e-4 essian_qp_elapsed=0.002 accepted_step_inf=4.468e-4 essian_qp_elapsed=0.001 accepted_step_inf=9.833e-6 essian_qp_elapsed=0.002 accepted_step_inf=2.597e-6 essian_qp_elapsed=0.001 accepted_step_inf=4.328e-8 essian_qp_elapsed=0.002 accepted_step_inf=1.339e-8 loglik=1.724534e2 accepted_ δ ∞=1.339e-8 essian_qp_elapsed=0.001 accepted_step_inf=2.277e-10 loglik=1.724534e2 accepted_ δ ∞=2.277e-10 essian_qp_elapsed=0.001 rho_distance=1.000e0 accepted_iter=60 essian_qp_elapsed=0.001 accepted_step_inf=2.794e0 loglik=1.730111e2 accepted_ δ ∞=2.794e0 essian_qp_elapsed=0.001 accepted_step_inf=1.768e-1 essian_qp_elapsed=0.002 accepted_step_inf=7.329e-2 essian_qp_elapsed=0.001 accepted_step_inf=9.423e-4 essian_qp_elapsed=0.002 accepted_step_inf=4.468e-4 essian_qp_elapsed=0.001 accepted_step_inf=9.833e-6 essian_qp_elapsed=0.002 accepted_step_inf=2.597e-6 essian_qp_elapsed=0.001 accepted_step_inf=4.328e-8 essian_qp_elapsed=0.002 accepted_step_inf=1.339e-8 loglik=1.724534e2 accepted_ δ ∞=1.339e-8 essian_qp_elapsed=0.001 accepted_step_inf=2.277e-10 loglik=1.724534e2 accepted_ δ ∞=2.277e-10 essian_qp_elapsed=0.001 rho_distance=2.000e0 essian_qp_elapsed=0.001 accepted_step_inf=4.825e0 loglik=1.636679e2 accepted_ δ ∞=4.825e0 essian_qp_elapsed=0.001 accepted_step_inf=4.372e-1 essian_qp_elapsed=0.002 accepted_step_inf=1.366e-1 essian_qp_elapsed=0.002 accepted_step_inf=2.866e-2 essian_qp_elapsed=0.002 accepted_step_inf=1.013e-3 essian_qp_elapsed=0.001 accepted_step_inf=8.362e-5 essian_qp_elapsed=0.002 accepted_step_inf=1.471e-5 essian_qp_elapsed=0.002 accepted_step_inf=9.564e-7 essian_qp_elapsed=0.002 accepted_step_inf=1.022e-7 essian_qp_elapsed=0.001 accepted_step_inf=2.115e-9 loglik=1.616257e2 accepted_ δ ∞=2.115e-9 essian_qp_elapsed=0.002 accepted_step_inf=4.794e-10 loglik=1.616257e2 accepted_ δ ∞=4.794e-10 essian_qp_elapsed=0.001 rho_distance=2.000e0 accepted_iter=60 essian_qp_elapsed=0.001 accepted_step_inf=4.825e0 loglik=1.636679e2 accepted_ δ ∞=4.825e0 essian_qp_elapsed=0.001 accepted_step_inf=4.372e-1 essian_qp_elapsed=0.002 accepted_step_inf=1.366e-1 essian_qp_elapsed=0.002 accepted_step_inf=2.866e-2 essian_qp_elapsed=0.002 accepted_step_inf=1.013e-3 essian_qp_elapsed=0.001 accepted_step_inf=8.362e-5 essian_qp_elapsed=0.002 accepted_step_inf=1.471e-5 essian_qp_elapsed=0.002 accepted_step_inf=9.564e-7 essian_qp_elapsed=0.002 accepted_step_inf=1.022e-7 essian_qp_elapsed=0.001 accepted_step_inf=2.115e-9 loglik=1.616257e2 accepted_ δ ∞=2.115e-9 essian_qp_elapsed=0.002 accepted_step_inf=4.794e-10 loglik=1.616257e2 accepted_ δ ∞=4.794e-10 essian_qp_elapsed=0.001 rho_distance=4.956e0 essian_qp_elapsed=0.001 accepted_step_inf=3.480e0 loglik=1.508792e2 accepted_ δ ∞=3.480e0 essian_qp_elapsed=0.001 accepted_step_inf=1.227e0 essian_qp_elapsed=0.002 accepted_step_inf=2.009e-1 essian_qp_elapsed=0.002 accepted_step_inf=2.816e-2 essian_qp_elapsed=0.002 accepted_step_inf=1.139e-3 essian_qp_elapsed=0.001 accepted_step_inf=1.570e-4 essian_qp_elapsed=0.002 accepted_step_inf=1.126e-5 essian_qp_elapsed=0.002 accepted_step_inf=8.217e-7 essian_qp_elapsed=0.002 accepted_step_inf=2.420e-8 essian_qp_elapsed=0.001 accepted_step_inf=3.911e-9 loglik=1.492538e2 accepted_ δ ∞=3.911e-9 essian_qp_elapsed=0.002 accepted_step_inf=6.151e-10 loglik=1.492538e2 accepted_ δ ∞=6.151e-10 essian_qp_elapsed=0.001 rho_distance=4.956e0 accepted_iter=61 essian_qp_elapsed=0.001 accepted_step_inf=3.480e0 loglik=1.508792e2 accepted_ δ ∞=3.480e0 essian_qp_elapsed=0.001 accepted_step_inf=1.227e0 essian_qp_elapsed=0.002 accepted_step_inf=2.009e-1 essian_qp_elapsed=0.002 accepted_step_inf=2.816e-2 essian_qp_elapsed=0.002 accepted_step_inf=1.139e-3 essian_qp_elapsed=0.002 accepted_step_inf=1.570e-4 essian_qp_elapsed=0.002 accepted_step_inf=1.126e-5 essian_qp_elapsed=0.002 accepted_step_inf=8.217e-7 essian_qp_elapsed=0.002 accepted_step_inf=2.420e-8 essian_qp_elapsed=0.001 accepted_step_inf=3.911e-9 loglik=1.492538e2 accepted_ δ ∞=3.911e-9 essian_qp_elapsed=0.002 accepted_step_inf=6.151e-10 loglik=1.492538e2 accepted_ δ ∞=6.151e-10 essian_qp_elapsed=0.001 rho_distance=3.379e0 essian_qp_elapsed=0.001 accepted_step_inf=3.407e0 loglik=1.450068e2 accepted_ δ ∞=3.407e0 essian_qp_elapsed=0.002 accepted_step_inf=5.236e-1 essian_qp_elapsed=0.002 accepted_step_inf=5.634e-2 essian_qp_elapsed=0.001 accepted_step_inf=2.337e-3 essian_qp_elapsed=0.002 accepted_step_inf=3.342e-4 essian_qp_elapsed=0.001 accepted_step_inf=9.422e-6 essian_qp_elapsed=0.002 accepted_step_inf=2.260e-6 essian_qp_elapsed=0.001 accepted_step_inf=1.054e-7 essian_qp_elapsed=0.002 accepted_step_inf=2.263e-8 essian_qp_elapsed=0.001 accepted_step_inf=8.785e-10 loglik=1.447608e2 accepted_ δ ∞=8.785e-10 essian_qp_elapsed=0.002 accepted_step_inf=1.130e-10 loglik=1.447608e2 accepted_ δ ∞=1.130e-10 essian_qp_elapsed=0.001 rho_distance=3.379e0 accepted_iter=62 essian_qp_elapsed=0.001 accepted_step_inf=3.407e0 loglik=1.450068e2 accepted_ δ ∞=3.407e0 essian_qp_elapsed=0.002 accepted_step_inf=5.236e-1 essian_qp_elapsed=0.003 accepted_step_inf=5.634e-2 essian_qp_elapsed=0.001 accepted_step_inf=2.337e-3 essian_qp_elapsed=0.003 accepted_step_inf=3.342e-4 essian_qp_elapsed=0.001 accepted_step_inf=9.422e-6 essian_qp_elapsed=0.002 accepted_step_inf=2.260e-6 essian_qp_elapsed=0.001 accepted_step_inf=1.054e-7 essian_qp_elapsed=0.002 accepted_step_inf=2.263e-8 essian_qp_elapsed=0.001 accepted_step_inf=8.785e-10 loglik=1.447608e2 accepted_ δ ∞=8.785e-10 essian_qp_elapsed=0.002 accepted_step_inf=1.130e-10 loglik=1.447608e2 accepted_ δ ∞=1.130e-10 essian_qp_elapsed=0.001 rho_distance=5.823e0 essian_qp_elapsed=0.001 accepted_step_inf=6.743e0 loglik=1.403930e2 accepted_ δ ∞=6.743e0 essian_qp_elapsed=0.001 accepted_step_inf=1.293e0 essian_qp_elapsed=0.002 accepted_step_inf=6.115e-1 essian_qp_elapsed=0.002 accepted_step_inf=3.145e-2 essian_qp_elapsed=0.002 accepted_step_inf=1.149e-3 essian_qp_elapsed=0.002 accepted_step_inf=2.029e-4 essian_qp_elapsed=0.002 accepted_step_inf=2.266e-5 essian_qp_elapsed=0.002 accepted_step_inf=7.082e-7 essian_qp_elapsed=0.001 accepted_step_inf=9.691e-8 essian_qp_elapsed=0.002 accepted_step_inf=6.362e-9 loglik=1.399498e2 accepted_ δ ∞=6.362e-9 essian_qp_elapsed=0.002 accepted_step_inf=1.229e-9 loglik=1.399498e2 accepted_ δ ∞=1.229e-9 essian_qp_elapsed=0.001 rho_distance=5.823e0 accepted_iter=63 essian_qp_elapsed=0.002 accepted_step_inf=6.743e0 loglik=1.403930e2 accepted_ δ ∞=6.743e0 essian_qp_elapsed=0.001 accepted_step_inf=1.293e0 essian_qp_elapsed=0.002 accepted_step_inf=6.115e-1 essian_qp_elapsed=0.002 accepted_step_inf=3.145e-2 essian_qp_elapsed=0.002 accepted_step_inf=1.149e-3 essian_qp_elapsed=0.002 accepted_step_inf=2.029e-4 essian_qp_elapsed=0.002 accepted_step_inf=2.266e-5 essian_qp_elapsed=0.002 accepted_step_inf=7.082e-7 essian_qp_elapsed=0.001 accepted_step_inf=9.691e-8 essian_qp_elapsed=0.002 accepted_step_inf=6.362e-9 loglik=1.399498e2 accepted_ δ ∞=6.362e-9 essian_qp_elapsed=0.002 accepted_step_inf=1.229e-9 loglik=1.399498e2 accepted_ δ ∞=1.229e-9 essian_qp_elapsed=0.001 rho_distance=3.749e0 essian_qp_elapsed=0.002 accepted_step_inf=2.852e0 loglik=1.390900e2 accepted_ δ ∞=2.852e0 essian_qp_elapsed=0.002 accepted_step_inf=3.946e-1 essian_qp_elapsed=0.002 accepted_step_inf=3.742e-2 essian_qp_elapsed=0.002 accepted_step_inf=9.314e-3 essian_qp_elapsed=0.002 accepted_step_inf=3.758e-4 essian_qp_elapsed=0.002 accepted_step_inf=4.576e-5 essian_qp_elapsed=0.002 accepted_step_inf=1.764e-6 essian_qp_elapsed=0.002 accepted_step_inf=1.480e-7 essian_qp_elapsed=0.002 accepted_step_inf=1.989e-8 loglik=1.390395e2 accepted_ δ ∞=1.989e-8 essian_qp_elapsed=0.002 accepted_step_inf=2.374e-9 loglik=1.390395e2 accepted_ δ ∞=2.374e-9 essian_qp_elapsed=0.001 rho_distance=3.749e0 accepted_iter=64 essian_qp_elapsed=0.002 accepted_step_inf=2.852e0 loglik=1.390900e2 accepted_ δ ∞=2.852e0 essian_qp_elapsed=0.002 accepted_step_inf=3.946e-1 essian_qp_elapsed=0.002 accepted_step_inf=3.742e-2 essian_qp_elapsed=0.002 accepted_step_inf=9.314e-3 essian_qp_elapsed=0.002 accepted_step_inf=3.758e-4 essian_qp_elapsed=0.002 accepted_step_inf=4.576e-5 essian_qp_elapsed=0.002 accepted_step_inf=1.764e-6 essian_qp_elapsed=0.002 accepted_step_inf=1.480e-7 essian_qp_elapsed=0.002 accepted_step_inf=1.989e-8 loglik=1.390395e2 accepted_ δ ∞=1.989e-8 essian_qp_elapsed=0.002 accepted_step_inf=2.374e-9 loglik=1.390395e2 accepted_ δ ∞=2.374e-9 essian_qp_elapsed=0.001 rho_distance=7.664e-1 essian_qp_elapsed=0.002 accepted_step_inf=6.850e-1 loglik=1.389297e2 accepted_ δ ∞=6.850e-1 essian_qp_elapsed=0.002 accepted_step_inf=1.792e-2 essian_qp_elapsed=0.002 accepted_step_inf=2.731e-3 essian_qp_elapsed=0.002 accepted_step_inf=2.045e-4 essian_qp_elapsed=0.002 accepted_step_inf=8.438e-6 essian_qp_elapsed=0.002 accepted_step_inf=6.330e-7 essian_qp_elapsed=0.002 accepted_step_inf=5.763e-8 essian_qp_elapsed=0.002 accepted_step_inf=2.180e-9 loglik=1.389257e2 accepted_ δ ∞=2.180e-9 essian_qp_elapsed=0.002 accepted_step_inf=1.142e-9 loglik=1.389257e2 accepted_ δ ∞=1.142e-9 essian_qp_elapsed=0.001 rho_distance=7.664e-1 accepted_iter=65 essian_qp_elapsed=0.002 accepted_step_inf=6.850e-1 loglik=1.389297e2 accepted_ δ ∞=6.850e-1 essian_qp_elapsed=0.002 accepted_step_inf=1.792e-2 essian_qp_elapsed=0.002 accepted_step_inf=2.731e-3 essian_qp_elapsed=0.002 accepted_step_inf=2.045e-4 essian_qp_elapsed=0.002 accepted_step_inf=8.438e-6 essian_qp_elapsed=0.002 accepted_step_inf=6.330e-7 essian_qp_elapsed=0.002 accepted_step_inf=5.763e-8 essian_qp_elapsed=0.002 accepted_step_inf=2.180e-9 loglik=1.389257e2 accepted_ δ ∞=2.180e-9 essian_qp_elapsed=0.002 accepted_step_inf=1.142e-9 loglik=1.389257e2 accepted_ δ ∞=1.142e-9 essian_qp_elapsed=0.001 rho_distance=1.798e0 essian_qp_elapsed=0.001 accepted_step_inf=2.195e0 loglik=1.387887e2 accepted_ δ ∞=2.195e0 essian_qp_elapsed=0.001 accepted_step_inf=2.056e-1 essian_qp_elapsed=0.002 accepted_step_inf=1.184e-2 essian_qp_elapsed=0.002 accepted_step_inf=1.227e-3 essian_qp_elapsed=0.002 accepted_step_inf=1.037e-4 essian_qp_elapsed=0.002 accepted_step_inf=7.643e-6 essian_qp_elapsed=0.002 accepted_step_inf=4.142e-7 essian_qp_elapsed=0.002 accepted_step_inf=6.134e-8 essian_qp_elapsed=0.002 accepted_step_inf=3.172e-9 loglik=1.387788e2 accepted_ δ ∞=3.172e-9 essian_qp_elapsed=0.002 accepted_step_inf=4.345e-10 loglik=1.387788e2 accepted_ δ ∞=4.345e-10 essian_qp_elapsed=0.001 rho_distance=1.798e0 accepted_iter=66 essian_qp_elapsed=0.002 accepted_step_inf=2.195e0 loglik=1.387887e2 accepted_ δ ∞=2.195e0 essian_qp_elapsed=0.001 accepted_step_inf=2.056e-1 essian_qp_elapsed=0.002 accepted_step_inf=1.184e-2 essian_qp_elapsed=0.002 accepted_step_inf=1.227e-3 essian_qp_elapsed=0.002 accepted_step_inf=1.037e-4 essian_qp_elapsed=0.002 accepted_step_inf=7.643e-6 essian_qp_elapsed=0.002 accepted_step_inf=4.142e-7 essian_qp_elapsed=0.002 accepted_step_inf=6.134e-8 essian_qp_elapsed=0.002 accepted_step_inf=3.172e-9 loglik=1.387788e2 accepted_ δ ∞=3.172e-9 essian_qp_elapsed=0.002 accepted_step_inf=4.345e-10 loglik=1.387788e2 accepted_ δ ∞=4.345e-10 essian_qp_elapsed=0.001 rho_distance=1.345e0 essian_qp_elapsed=0.001 accepted_step_inf=1.857e0 loglik=1.388201e2 accepted_ δ ∞=1.857e0 essian_qp_elapsed=0.001 accepted_step_inf=3.900e-1 essian_qp_elapsed=0.002 accepted_step_inf=8.046e-2 essian_qp_elapsed=0.002 accepted_step_inf=2.504e-3 essian_qp_elapsed=0.002 accepted_step_inf=1.920e-4 essian_qp_elapsed=0.002 accepted_step_inf=1.413e-5 essian_qp_elapsed=0.002 accepted_step_inf=1.196e-6 essian_qp_elapsed=0.002 accepted_step_inf=8.532e-8 essian_qp_elapsed=0.002 accepted_step_inf=1.548e-8 loglik=1.388193e2 accepted_ δ ∞=1.548e-8 essian_qp_elapsed=0.002 accepted_step_inf=8.970e-10 loglik=1.388193e2 accepted_ δ ∞=8.970e-10 essian_qp_elapsed=0.001 rho_distance=1.345e0 accepted_iter=67 essian_qp_elapsed=0.001 accepted_step_inf=1.857e0 loglik=1.388201e2 accepted_ δ ∞=1.857e0 essian_qp_elapsed=0.001 accepted_step_inf=3.900e-1 essian_qp_elapsed=0.002 accepted_step_inf=8.046e-2 essian_qp_elapsed=0.002 accepted_step_inf=2.504e-3 essian_qp_elapsed=0.002 accepted_step_inf=1.920e-4 essian_qp_elapsed=0.002 accepted_step_inf=1.413e-5 essian_qp_elapsed=0.001 accepted_step_inf=1.196e-6 essian_qp_elapsed=0.002 accepted_step_inf=8.532e-8 essian_qp_elapsed=0.002 accepted_step_inf=1.548e-8 loglik=1.388193e2 accepted_ δ ∞=1.548e-8 essian_qp_elapsed=0.002 accepted_step_inf=8.970e-10 loglik=1.388193e2 accepted_ δ ∞=8.970e-10 essian_qp_elapsed=0.001 rho_distance=2.526e0 essian_qp_elapsed=0.001 accepted_step_inf=2.131e0 loglik=1.390063e2 accepted_ δ ∞=2.131e0 essian_qp_elapsed=0.003 accepted_step_inf=2.277e0 essian_qp_elapsed=0.003 accepted_step_inf=9.602e-3 essian_qp_elapsed=0.001 accepted_step_inf=3.517e-6 essian_qp_elapsed=0.001 accepted_step_inf=8.385e-7 essian_qp_elapsed=0.003 accepted_step_inf=4.786e-7 loglik=1.390403e2 accepted_ δ ∞=4.786e-7 essian_qp_elapsed=0.001 rho_distance=2.526e0 accepted_iter=68 essian_qp_elapsed=0.001 accepted_step_inf=2.131e0 loglik=1.390063e2 accepted_ δ ∞=2.131e0 essian_qp_elapsed=0.002 accepted_step_inf=2.277e0 essian_qp_elapsed=0.003 accepted_step_inf=9.602e-3 essian_qp_elapsed=0.001 accepted_step_inf=3.517e-6 essian_qp_elapsed=0.001 accepted_step_inf=8.385e-7 essian_qp_elapsed=0.003 accepted_step_inf=4.786e-7 loglik=1.390403e2 accepted_ δ ∞=4.786e-7 essian_qp_elapsed=0.001 rho_distance=4.062e0 essian_qp_elapsed=0.001 accepted_step_inf=7.020e-1 loglik=1.393548e2 accepted_ δ ∞=7.020e-1 essian_qp_elapsed=0.002 accepted_step_inf=1.168e0 essian_qp_elapsed=0.003 accepted_step_inf=1.107e-2 essian_qp_elapsed=0.002 accepted_step_inf=3.450e-3 essian_qp_elapsed=0.003 accepted_step_inf=8.658e-5 loglik=1.393694e2 accepted_ δ ∞=8.658e-5 essian_qp_elapsed=0.001 rho_distance=4.062e0 accepted_iter=69 essian_qp_elapsed=0.001 accepted_step_inf=7.020e-1 loglik=1.393548e2 accepted_ δ ∞=7.020e-1 essian_qp_elapsed=0.002 accepted_step_inf=1.168e0 essian_qp_elapsed=0.002 accepted_step_inf=1.107e-2 essian_qp_elapsed=0.002 accepted_step_inf=3.450e-3 essian_qp_elapsed=0.003 accepted_step_inf=8.658e-5 loglik=1.393694e2 accepted_ δ ∞=8.658e-5 essian_qp_elapsed=0.001 rho_distance=7.619e-1 essian_qp_elapsed=0.001 accepted_step_inf=5.134e-1 loglik=1.393136e2 accepted_ δ ∞=5.134e-1 essian_qp_elapsed=0.002 accepted_step_inf=3.950e-1 essian_qp_elapsed=0.002 accepted_step_inf=2.243e-3 essian_qp_elapsed=0.002 accepted_step_inf=5.303e-4 essian_qp_elapsed=0.003 accepted_step_inf=7.227e-5 loglik=1.393137e2 accepted_ δ ∞=7.227e-5 essian_qp_elapsed=0.001 rho_distance=7.619e-1 accepted_iter=70 essian_qp_elapsed=0.001 accepted_step_inf=5.134e-1 loglik=1.393136e2 accepted_ δ ∞=5.134e-1 essian_qp_elapsed=0.002 accepted_step_inf=3.950e-1 essian_qp_elapsed=0.002 accepted_step_inf=2.243e-3 essian_qp_elapsed=0.002 accepted_step_inf=5.303e-4 essian_qp_elapsed=0.003 accepted_step_inf=7.227e-5 loglik=1.393137e2 accepted_ δ ∞=7.227e-5 essian_qp_elapsed=0.001 rho_distance=1.379e0 essian_qp_elapsed=0.001 accepted_step_inf=5.216e-1 loglik=1.392797e2 accepted_ δ ∞=5.216e-1 essian_qp_elapsed=0.002 accepted_step_inf=3.870e-1 essian_qp_elapsed=0.002 accepted_step_inf=1.074e-2 essian_qp_elapsed=0.003 accepted_step_inf=1.380e-3 essian_qp_elapsed=0.003 accepted_step_inf=2.059e-4 loglik=1.392858e2 accepted_ δ ∞=2.059e-4 essian_qp_elapsed=0.001 accepted_step_inf=8.192e-11 loglik=1.392858e2 accepted_ δ ∞=8.192e-11 essian_qp_elapsed=0.001 rho_distance=1.379e0 accepted_iter=71 essian_qp_elapsed=0.001 accepted_step_inf=5.216e-1 loglik=1.392797e2 accepted_ δ ∞=5.216e-1 essian_qp_elapsed=0.002 accepted_step_inf=3.870e-1 essian_qp_elapsed=0.002 accepted_step_inf=1.074e-2 essian_qp_elapsed=0.002 accepted_step_inf=1.380e-3 essian_qp_elapsed=0.003 accepted_step_inf=2.059e-4 loglik=1.392858e2 accepted_ δ ∞=2.059e-4 essian_qp_elapsed=0.001 accepted_step_inf=8.192e-11 loglik=1.392858e2 accepted_ δ ∞=8.192e-11 essian_qp_elapsed=0.001 rho_distance=3.227e-1 essian_qp_elapsed=0.001 accepted_step_inf=6.616e-2 loglik=1.393286e2 accepted_ δ ∞=6.616e-2 essian_qp_elapsed=0.002 accepted_step_inf=5.104e-2 essian_qp_elapsed=0.002 accepted_step_inf=1.324e-3 essian_qp_elapsed=0.003 accepted_step_inf=5.786e-4 loglik=1.393302e2 accepted_ δ ∞=5.786e-4 essian_qp_elapsed=0.001 accepted_step_inf=4.325e-10 loglik=1.393302e2 accepted_ δ ∞=4.325e-10 essian_qp_elapsed=0.001 rho_distance=3.227e-1 accepted_iter=72 essian_qp_elapsed=0.001 accepted_step_inf=6.616e-2 loglik=1.393286e2 accepted_ δ ∞=6.616e-2 essian_qp_elapsed=0.002 accepted_step_inf=5.104e-2 essian_qp_elapsed=0.003 accepted_step_inf=1.324e-3 essian_qp_elapsed=0.003 accepted_step_inf=5.786e-4 loglik=1.393302e2 accepted_ δ ∞=5.786e-4 essian_qp_elapsed=0.001 accepted_step_inf=4.325e-10 loglik=1.393302e2 accepted_ δ ∞=4.325e-10 essian_qp_elapsed=0.001 rho_distance=1.036e0 essian_qp_elapsed=0.001 accepted_step_inf=4.197e-1 loglik=1.395174e2 accepted_ δ ∞=4.197e-1 essian_qp_elapsed=0.002 accepted_step_inf=2.356e-1 essian_qp_elapsed=0.002 accepted_step_inf=8.266e-3 essian_qp_elapsed=0.003 accepted_step_inf=2.277e-3 essian_qp_elapsed=0.001 accepted_step_inf=3.962e-9 loglik=1.395136e2 accepted_ δ ∞=3.962e-9 essian_qp_elapsed=0.002 accepted_step_inf=9.544e-10 loglik=1.395136e2 accepted_ δ ∞=9.544e-10 essian_qp_elapsed=0.001 rho_distance=1.036e0 accepted_iter=73 essian_qp_elapsed=0.001 accepted_step_inf=4.197e-1 loglik=1.395174e2 accepted_ δ ∞=4.197e-1 essian_qp_elapsed=0.002 accepted_step_inf=2.356e-1 essian_qp_elapsed=0.002 accepted_step_inf=8.266e-3 essian_qp_elapsed=0.003 accepted_step_inf=2.277e-3 essian_qp_elapsed=0.001 accepted_step_inf=3.962e-9 loglik=1.395136e2 accepted_ δ ∞=3.962e-9 essian_qp_elapsed=0.002 accepted_step_inf=9.544e-10 loglik=1.395136e2 accepted_ δ ∞=9.544e-10 essian_qp_elapsed=0.001 rho_distance=1.152e0 essian_qp_elapsed=0.001 accepted_step_inf=7.118e-1 loglik=1.397529e2 accepted_ δ ∞=7.118e-1 essian_qp_elapsed=0.002 accepted_step_inf=2.891e-1 essian_qp_elapsed=0.002 accepted_step_inf=5.990e-3 essian_qp_elapsed=0.003 accepted_step_inf=1.497e-3 essian_qp_elapsed=0.001 accepted_step_inf=1.710e-8 essian_qp_elapsed=0.002 accepted_step_inf=1.958e-9 loglik=1.397403e2 accepted_ δ ∞=1.958e-9 essian_qp_elapsed=0.003 accepted_step_inf=3.156e-10 loglik=1.397403e2 accepted_ δ ∞=3.156e-10 essian_qp_elapsed=0.001 rho_distance=1.152e0 accepted_iter=74 essian_qp_elapsed=0.001 accepted_step_inf=7.118e-1 loglik=1.397529e2 accepted_ δ ∞=7.118e-1 essian_qp_elapsed=0.002 accepted_step_inf=2.891e-1 essian_qp_elapsed=0.002 accepted_step_inf=5.990e-3 essian_qp_elapsed=0.003 accepted_step_inf=1.497e-3 essian_qp_elapsed=0.001 accepted_step_inf=1.710e-8 essian_qp_elapsed=0.002 accepted_step_inf=1.958e-9 loglik=1.397403e2 accepted_ δ ∞=1.958e-9 essian_qp_elapsed=0.003 accepted_step_inf=3.156e-10 loglik=1.397403e2 accepted_ δ ∞=3.156e-10 essian_qp_elapsed=0.001 rho_distance=1.431e0 essian_qp_elapsed=0.001 accepted_step_inf=3.357e-1 loglik=1.400048e2 accepted_ δ ∞=3.357e-1 essian_qp_elapsed=0.002 accepted_step_inf=1.878e-1 essian_qp_elapsed=0.002 accepted_step_inf=1.163e-2 essian_qp_elapsed=0.003 accepted_step_inf=1.677e-3 essian_qp_elapsed=0.002 accepted_step_inf=1.022e-4 essian_qp_elapsed=0.003 accepted_step_inf=1.375e-5 loglik=1.399981e2 accepted_ δ ∞=1.375e-5 essian_qp_elapsed=0.001 rho_distance=1.431e0 accepted_iter=75 essian_qp_elapsed=0.001 accepted_step_inf=3.357e-1 loglik=1.400048e2 accepted_ δ ∞=3.357e-1 essian_qp_elapsed=0.002 accepted_step_inf=1.878e-1 essian_qp_elapsed=0.002 accepted_step_inf=1.163e-2 essian_qp_elapsed=0.002 accepted_step_inf=1.677e-3 essian_qp_elapsed=0.003 accepted_step_inf=1.022e-4 essian_qp_elapsed=0.003 accepted_step_inf=1.375e-5 loglik=1.399981e2 accepted_ δ ∞=1.375e-5 essian_qp_elapsed=0.001 rho_distance=4.707e-1 essian_qp_elapsed=0.001 accepted_step_inf=3.603e-1 loglik=1.400099e2 accepted_ δ ∞=3.603e-1 essian_qp_elapsed=0.002 accepted_step_inf=8.013e-2 essian_qp_elapsed=0.003 accepted_step_inf=2.709e-3 essian_qp_elapsed=0.001 accepted_step_inf=3.385e-7 essian_qp_elapsed=0.003 accepted_step_inf=5.423e-8 loglik=1.400124e2 accepted_ δ ∞=5.423e-8 essian_qp_elapsed=0.001 rho_distance=4.707e-1 accepted_iter=76 essian_qp_elapsed=0.001 accepted_step_inf=3.603e-1 loglik=1.400099e2 accepted_ δ ∞=3.603e-1 essian_qp_elapsed=0.002 accepted_step_inf=8.013e-2 essian_qp_elapsed=0.003 accepted_step_inf=2.709e-3 essian_qp_elapsed=0.001 accepted_step_inf=3.385e-7 essian_qp_elapsed=0.003 accepted_step_inf=5.423e-8 loglik=1.400124e2 accepted_ δ ∞=5.423e-8 essian_qp_elapsed=0.001 rho_distance=4.575e-1 essian_qp_elapsed=0.002 accepted_step_inf=6.668e-1 loglik=1.400081e2 accepted_ δ ∞=6.668e-1 essian_qp_elapsed=0.001 accepted_step_inf=1.551e-3 essian_qp_elapsed=0.002 accepted_step_inf=4.208e-4 essian_qp_elapsed=0.003 accepted_step_inf=6.946e-5 loglik=1.400081e2 accepted_ δ ∞=6.946e-5 essian_qp_elapsed=0.001 rho_distance=4.575e-1 accepted_iter=77 essian_qp_elapsed=0.002 accepted_step_inf=6.668e-1 loglik=1.400081e2 accepted_ δ ∞=6.668e-1 essian_qp_elapsed=0.001 accepted_step_inf=1.551e-3 essian_qp_elapsed=0.002 accepted_step_inf=4.208e-4 essian_qp_elapsed=0.003 accepted_step_inf=6.946e-5 loglik=1.400081e2 accepted_ δ ∞=6.946e-5 essian_qp_elapsed=0.001 rho_distance=4.379e-1 essian_qp_elapsed=0.002 accepted_step_inf=5.635e-1 loglik=1.400036e2 accepted_ δ ∞=5.635e-1 essian_qp_elapsed=0.002 accepted_step_inf=4.085e-3 essian_qp_elapsed=0.003 accepted_step_inf=4.038e-4 essian_qp_elapsed=0.002 accepted_step_inf=1.022e-9 loglik=1.400028e2 accepted_ δ ∞=1.022e-9 essian_qp_elapsed=0.001 rho_distance=4.379e-1 accepted_iter=78 essian_qp_elapsed=0.002 accepted_step_inf=5.635e-1 loglik=1.400036e2 accepted_ δ ∞=5.635e-1 essian_qp_elapsed=0.002 accepted_step_inf=4.085e-3 essian_qp_elapsed=0.003 accepted_step_inf=4.038e-4 essian_qp_elapsed=0.002 accepted_step_inf=1.022e-9 loglik=1.400028e2 accepted_ δ ∞=1.022e-9 essian_qp_elapsed=0.001 rho_distance=7.366e-1 essian_qp_elapsed=0.002 accepted_step_inf=5.833e-1 loglik=1.400054e2 accepted_ δ ∞=5.833e-1 essian_qp_elapsed=0.002 accepted_step_inf=3.861e-2 essian_qp_elapsed=0.002 accepted_step_inf=3.622e-3 essian_qp_elapsed=0.002 accepted_step_inf=2.414e-4 essian_qp_elapsed=0.003 accepted_step_inf=1.895e-5 loglik=1.400102e2 accepted_ δ ∞=1.895e-5 essian_qp_elapsed=0.001 rho_distance=7.366e-1 accepted_iter=79 essian_qp_elapsed=0.002 accepted_step_inf=5.833e-1 loglik=1.400054e2 accepted_ δ ∞=5.833e-1 essian_qp_elapsed=0.002 accepted_step_inf=3.861e-2 essian_qp_elapsed=0.002 accepted_step_inf=3.622e-3 essian_qp_elapsed=0.002 accepted_step_inf=2.414e-4 essian_qp_elapsed=0.003 accepted_step_inf=1.895e-5 loglik=1.400102e2 accepted_ δ ∞=1.895e-5 essian_qp_elapsed=0.001 rho_distance=1.291e0 essian_qp_elapsed=0.002 accepted_step_inf=4.572e-1 loglik=1.400570e2 accepted_ δ ∞=4.572e-1 essian_qp_elapsed=0.002 accepted_step_inf=4.281e-2 essian_qp_elapsed=0.002 accepted_step_inf=3.120e-3 essian_qp_elapsed=0.003 accepted_step_inf=9.538e-4 essian_qp_elapsed=0.002 accepted_step_inf=1.554e-8 essian_qp_elapsed=0.002 accepted_step_inf=7.422e-10 loglik=1.400583e2 accepted_ δ ∞=7.422e-10 essian_qp_elapsed=0.002 accepted_step_inf=7.575e-11 loglik=1.400583e2 accepted_ δ ∞=7.575e-11 essian_qp_elapsed=0.001 rho_distance=1.291e0 accepted_iter=80 essian_qp_elapsed=0.001 accepted_step_inf=4.572e-1 loglik=1.400570e2 accepted_ δ ∞=4.572e-1 essian_qp_elapsed=0.002 accepted_step_inf=4.281e-2 essian_qp_elapsed=0.002 accepted_step_inf=3.120e-3 essian_qp_elapsed=0.003 accepted_step_inf=9.538e-4 essian_qp_elapsed=0.002 accepted_step_inf=1.554e-8 essian_qp_elapsed=0.002 accepted_step_inf=7.422e-10 loglik=1.400583e2 accepted_ δ ∞=7.422e-10 essian_qp_elapsed=0.003 accepted_step_inf=7.575e-11 loglik=1.400583e2 accepted_ δ ∞=7.575e-11 essian_qp_elapsed=0.001 rho_distance=1.598e0 essian_qp_elapsed=0.001 accepted_step_inf=2.082e-1 loglik=1.401719e2 accepted_ δ ∞=2.082e-1 essian_qp_elapsed=0.002 accepted_step_inf=4.975e-2 essian_qp_elapsed=0.003 accepted_step_inf=1.244e-2 essian_qp_elapsed=0.001 accepted_step_inf=1.490e-6 essian_qp_elapsed=0.002 accepted_step_inf=2.697e-7 essian_qp_elapsed=0.002 accepted_step_inf=1.492e-8 essian_qp_elapsed=0.002 accepted_step_inf=1.210e-9 loglik=1.401521e2 accepted_ δ ∞=1.210e-9 essian_qp_elapsed=0.003 accepted_step_inf=1.848e-10 loglik=1.401521e2 accepted_ δ ∞=1.848e-10 essian_qp_elapsed=0.001 rho_distance=1.598e0 accepted_iter=81 essian_qp_elapsed=0.001 accepted_step_inf=2.082e-1 loglik=1.401719e2 accepted_ δ ∞=2.082e-1 essian_qp_elapsed=0.002 accepted_step_inf=4.975e-2 essian_qp_elapsed=0.003 accepted_step_inf=1.244e-2 essian_qp_elapsed=0.002 accepted_step_inf=1.490e-6 essian_qp_elapsed=0.002 accepted_step_inf=2.697e-7 essian_qp_elapsed=0.002 accepted_step_inf=1.492e-8 essian_qp_elapsed=0.002 accepted_step_inf=1.210e-9 loglik=1.401521e2 accepted_ δ ∞=1.210e-9 essian_qp_elapsed=0.003 accepted_step_inf=1.848e-10 loglik=1.401521e2 accepted_ δ ∞=1.848e-10 essian_qp_elapsed=0.001 rho_distance=9.700e-1 essian_qp_elapsed=0.001 accepted_step_inf=1.060e-1 loglik=1.402320e2 accepted_ δ ∞=1.060e-1 essian_qp_elapsed=0.002 accepted_step_inf=3.105e-2 essian_qp_elapsed=0.003 accepted_step_inf=5.180e-3 essian_qp_elapsed=0.002 accepted_step_inf=3.146e-7 essian_qp_elapsed=0.002 accepted_step_inf=5.477e-8 essian_qp_elapsed=0.003 accepted_step_inf=1.672e-9 loglik=1.402220e2 accepted_ δ ∞=1.672e-9 essian_qp_elapsed=0.001 rho_distance=9.700e-1 accepted_iter=82 essian_qp_elapsed=0.001 accepted_step_inf=1.060e-1 loglik=1.402320e2 accepted_ δ ∞=1.060e-1 essian_qp_elapsed=0.002 accepted_step_inf=3.105e-2 essian_qp_elapsed=0.003 accepted_step_inf=5.180e-3 essian_qp_elapsed=0.002 accepted_step_inf=3.146e-7 essian_qp_elapsed=0.002 accepted_step_inf=5.477e-8 essian_qp_elapsed=0.003 accepted_step_inf=1.672e-9 loglik=1.402220e2 accepted_ δ ∞=1.672e-9 essian_qp_elapsed=0.001 rho_distance=3.708e-1 essian_qp_elapsed=0.001 accepted_step_inf=3.974e-2 loglik=1.402519e2 accepted_ δ ∞=3.974e-2 essian_qp_elapsed=0.002 accepted_step_inf=1.132e-2 essian_qp_elapsed=0.003 accepted_step_inf=1.943e-3 essian_qp_elapsed=0.002 accepted_step_inf=4.879e-8 essian_qp_elapsed=0.002 accepted_step_inf=1.304e-8 loglik=1.402498e2 accepted_ δ ∞=1.304e-8 essian_qp_elapsed=0.003 accepted_step_inf=5.144e-10 loglik=1.402498e2 accepted_ δ ∞=5.144e-10 essian_qp_elapsed=0.001 rho_distance=3.708e-1 accepted_iter=83 essian_qp_elapsed=0.001 accepted_step_inf=3.974e-2 loglik=1.402519e2 accepted_ δ ∞=3.974e-2 essian_qp_elapsed=0.002 accepted_step_inf=1.132e-2 essian_qp_elapsed=0.003 accepted_step_inf=1.943e-3 essian_qp_elapsed=0.002 accepted_step_inf=4.879e-8 essian_qp_elapsed=0.002 accepted_step_inf=1.304e-8 loglik=1.402498e2 accepted_ δ ∞=1.304e-8 essian_qp_elapsed=0.003 accepted_step_inf=5.144e-10 loglik=1.402498e2 accepted_ δ ∞=5.144e-10 essian_qp_elapsed=0.001 rho_distance=9.306e-1 essian_qp_elapsed=0.001 accepted_step_inf=1.214e-1 loglik=1.403212e2 accepted_ δ ∞=1.214e-1 essian_qp_elapsed=0.002 accepted_step_inf=5.488e-2 essian_qp_elapsed=0.003 accepted_step_inf=9.472e-3 essian_qp_elapsed=0.002 accepted_step_inf=1.525e-6 essian_qp_elapsed=0.002 accepted_step_inf=1.901e-7 essian_qp_elapsed=0.002 accepted_step_inf=1.043e-8 essian_qp_elapsed=0.003 accepted_step_inf=1.426e-9 loglik=1.403181e2 accepted_ δ ∞=1.426e-9 essian_qp_elapsed=0.001 rho_distance=9.306e-1 accepted_iter=84 essian_qp_elapsed=0.001 accepted_step_inf=1.214e-1 loglik=1.403212e2 accepted_ δ ∞=1.214e-1 essian_qp_elapsed=0.002 accepted_step_inf=5.488e-2 essian_qp_elapsed=0.003 accepted_step_inf=9.472e-3 essian_qp_elapsed=0.002 accepted_step_inf=1.525e-6 essian_qp_elapsed=0.002 accepted_step_inf=1.901e-7 essian_qp_elapsed=0.002 accepted_step_inf=1.043e-8 essian_qp_elapsed=0.003 accepted_step_inf=1.426e-9 loglik=1.403181e2 accepted_ δ ∞=1.426e-9 essian_qp_elapsed=0.001 rho_distance=1.264e0 essian_qp_elapsed=0.001 accepted_step_inf=2.225e-1 loglik=1.404094e2 accepted_ δ ∞=2.225e-1 essian_qp_elapsed=0.002 accepted_step_inf=9.386e-2 essian_qp_elapsed=0.003 accepted_step_inf=1.374e-2 essian_qp_elapsed=0.003 accepted_step_inf=6.668e-4 essian_qp_elapsed=0.002 accepted_step_inf=6.871e-9 loglik=1.404084e2 accepted_ δ ∞=6.871e-9 essian_qp_elapsed=0.002 accepted_step_inf=7.408e-10 loglik=1.404084e2 accepted_ δ ∞=7.408e-10 essian_qp_elapsed=0.001 rho_distance=1.264e0 accepted_iter=85 essian_qp_elapsed=0.001 accepted_step_inf=2.225e-1 loglik=1.404094e2 accepted_ δ ∞=2.225e-1 essian_qp_elapsed=0.002 accepted_step_inf=9.386e-2 essian_qp_elapsed=0.002 accepted_step_inf=1.374e-2 essian_qp_elapsed=0.003 accepted_step_inf=6.668e-4 essian_qp_elapsed=0.002 accepted_step_inf=6.871e-9 loglik=1.404084e2 accepted_ δ ∞=6.871e-9 essian_qp_elapsed=0.002 accepted_step_inf=7.408e-10 loglik=1.404084e2 accepted_ δ ∞=7.408e-10 essian_qp_elapsed=0.001 rho_distance=1.327e0 essian_qp_elapsed=0.002 accepted_step_inf=4.122e-1 loglik=1.405014e2 accepted_ δ ∞=4.122e-1 essian_qp_elapsed=0.002 accepted_step_inf=5.267e-2 essian_qp_elapsed=0.003 accepted_step_inf=5.303e-3 essian_qp_elapsed=0.003 accepted_step_inf=9.062e-7 essian_qp_elapsed=0.003 accepted_step_inf=4.388e-8 loglik=1.405065e2 accepted_ δ ∞=4.388e-8 essian_qp_elapsed=0.001 rho_distance=1.327e0 accepted_iter=86 essian_qp_elapsed=0.002 accepted_step_inf=4.122e-1 loglik=1.405014e2 accepted_ δ ∞=4.122e-1 essian_qp_elapsed=0.002 accepted_step_inf=5.267e-2 essian_qp_elapsed=0.003 accepted_step_inf=5.303e-3 essian_qp_elapsed=0.002 accepted_step_inf=9.062e-7 essian_qp_elapsed=0.003 accepted_step_inf=4.388e-8 loglik=1.405065e2 accepted_ δ ∞=4.388e-8 essian_qp_elapsed=0.001 rho_distance=6.162e-1 essian_qp_elapsed=0.002 accepted_step_inf=2.347e-1 loglik=1.405523e2 accepted_ δ ∞=2.347e-1 essian_qp_elapsed=0.003 accepted_step_inf=7.364e-3 essian_qp_elapsed=0.002 accepted_step_inf=5.362e-6 essian_qp_elapsed=0.002 accepted_step_inf=4.392e-7 essian_qp_elapsed=0.003 accepted_step_inf=8.064e-8 loglik=1.405531e2 accepted_ δ ∞=8.064e-8 essian_qp_elapsed=0.001 rho_distance=6.162e-1 accepted_iter=87 essian_qp_elapsed=0.002 accepted_step_inf=2.347e-1 loglik=1.405523e2 accepted_ δ ∞=2.347e-1 essian_qp_elapsed=0.003 accepted_step_inf=7.364e-3 essian_qp_elapsed=0.002 accepted_step_inf=5.362e-6 essian_qp_elapsed=0.002 accepted_step_inf=4.392e-7 essian_qp_elapsed=0.003 accepted_step_inf=8.064e-8 loglik=1.405531e2 accepted_ δ ∞=8.064e-8 essian_qp_elapsed=0.001 rho_distance=2.542e-1 essian_qp_elapsed=0.003 accepted_step_inf=8.498e-2 loglik=1.405618e2 accepted_ δ ∞=8.498e-2 essian_qp_elapsed=0.002 accepted_step_inf=3.455e-4 essian_qp_elapsed=0.003 accepted_step_inf=1.837e-5 loglik=1.405618e2 accepted_ δ ∞=1.837e-5 essian_qp_elapsed=0.001 rho_distance=2.542e-1 accepted_iter=88 essian_qp_elapsed=0.003 accepted_step_inf=8.498e-2 loglik=1.405618e2 accepted_ δ ∞=8.498e-2 essian_qp_elapsed=0.002 accepted_step_inf=3.455e-4 essian_qp_elapsed=0.003 accepted_step_inf=1.837e-5 loglik=1.405618e2 accepted_ δ ∞=1.837e-5 essian_qp_elapsed=0.001 rho_distance=1.882e-1 essian_qp_elapsed=0.003 accepted_step_inf=2.536e-2 loglik=1.405593e2 accepted_ δ ∞=2.536e-2 essian_qp_elapsed=0.002 accepted_step_inf=2.969e-5 essian_qp_elapsed=0.002 accepted_step_inf=9.466e-6 essian_qp_elapsed=0.003 accepted_step_inf=1.394e-6 loglik=1.405593e2 accepted_ δ ∞=1.394e-6 essian_qp_elapsed=0.001 rho_distance=1.882e-1 accepted_iter=89 essian_qp_elapsed=0.003 accepted_step_inf=2.536e-2 loglik=1.405593e2 accepted_ δ ∞=2.536e-2 essian_qp_elapsed=0.002 accepted_step_inf=2.969e-5 essian_qp_elapsed=0.002 accepted_step_inf=9.466e-6 essian_qp_elapsed=0.003 accepted_step_inf=1.394e-6 loglik=1.405593e2 accepted_ δ ∞=1.394e-6 essian_qp_elapsed=0.001 rho_distance=3.028e-1 essian_qp_elapsed=0.002 accepted_step_inf=2.753e-2 loglik=1.405595e2 accepted_ δ ∞=2.753e-2 essian_qp_elapsed=0.003 accepted_step_inf=6.574e-3 essian_qp_elapsed=0.001 accepted_step_inf=1.807e-6 essian_qp_elapsed=0.002 accepted_step_inf=7.781e-7 essian_qp_elapsed=0.002 accepted_step_inf=4.425e-7 essian_qp_elapsed=0.002 accepted_step_inf=3.813e-7 essian_qp_elapsed=0.002 accepted_step_inf=9.677e-8 essian_qp_elapsed=0.003 accepted_step_inf=1.372e-8 loglik=1.405575e2 accepted_ δ ∞=1.372e-8 essian_qp_elapsed=0.001 rho_distance=3.028e-1 accepted_iter=90 essian_qp_elapsed=0.002 accepted_step_inf=2.753e-2 loglik=1.405595e2 accepted_ δ ∞=2.753e-2 essian_qp_elapsed=0.003 accepted_step_inf=6.574e-3 essian_qp_elapsed=0.001 accepted_step_inf=1.807e-6 essian_qp_elapsed=0.002 accepted_step_inf=7.781e-7 essian_qp_elapsed=0.002 accepted_step_inf=4.425e-7 essian_qp_elapsed=0.002 accepted_step_inf=3.813e-7 essian_qp_elapsed=0.002 accepted_step_inf=9.677e-8 essian_qp_elapsed=0.003 accepted_step_inf=1.372e-8 loglik=1.405575e2 accepted_ δ ∞=1.372e-8 essian_qp_elapsed=0.001 rho_distance=5.531e-1 essian_qp_elapsed=0.002 accepted_step_inf=5.250e-2 loglik=1.405616e2 accepted_ δ ∞=5.250e-2 essian_qp_elapsed=0.003 accepted_step_inf=1.523e-2 essian_qp_elapsed=0.002 accepted_step_inf=5.708e-6 essian_qp_elapsed=0.003 accepted_step_inf=1.034e-6 loglik=1.405612e2 accepted_ δ ∞=1.034e-6 essian_qp_elapsed=0.001 rho_distance=5.531e-1 accepted_iter=91 essian_qp_elapsed=0.002 accepted_step_inf=5.250e-2 loglik=1.405616e2 accepted_ δ ∞=5.250e-2 essian_qp_elapsed=0.003 accepted_step_inf=1.523e-2 essian_qp_elapsed=0.002 accepted_step_inf=5.708e-6 essian_qp_elapsed=0.003 accepted_step_inf=1.034e-6 loglik=1.405612e2 accepted_ δ ∞=1.034e-6 essian_qp_elapsed=0.001 rho_distance=6.187e-1 essian_qp_elapsed=0.001 accepted_step_inf=4.039e-2 loglik=1.405793e2 accepted_ δ ∞=4.039e-2 essian_qp_elapsed=0.003 accepted_step_inf=4.848e-2 essian_qp_elapsed=0.003 accepted_step_inf=1.101e-4 essian_qp_elapsed=0.001 accepted_step_inf=6.099e-10 loglik=1.405693e2 accepted_ δ ∞=6.099e-10 essian_qp_elapsed=0.001 rho_distance=6.187e-1 accepted_iter=92 essian_qp_elapsed=0.001 accepted_step_inf=4.039e-2 loglik=1.405793e2 accepted_ δ ∞=4.039e-2 essian_qp_elapsed=0.003 accepted_step_inf=4.848e-2 essian_qp_elapsed=0.003 accepted_step_inf=1.101e-4 essian_qp_elapsed=0.001 accepted_step_inf=6.099e-10 loglik=1.405693e2 accepted_ δ ∞=6.099e-10 essian_qp_elapsed=0.001 rho_distance=3.389e-1 essian_qp_elapsed=0.001 accepted_step_inf=3.234e-2 loglik=1.405794e2 accepted_ δ ∞=3.234e-2 essian_qp_elapsed=0.003 accepted_step_inf=3.652e-2 essian_qp_elapsed=0.003 accepted_step_inf=4.765e-5 loglik=1.405731e2 accepted_ δ ∞=4.765e-5 essian_qp_elapsed=0.001 accepted_step_inf=9.575e-11 loglik=1.405731e2 accepted_ δ ∞=9.575e-11 essian_qp_elapsed=0.001 rho_distance=3.389e-1 accepted_iter=93 essian_qp_elapsed=0.001 accepted_step_inf=3.234e-2 loglik=1.405794e2 accepted_ δ ∞=3.234e-2 essian_qp_elapsed=0.003 accepted_step_inf=3.652e-2 essian_qp_elapsed=0.003 accepted_step_inf=4.765e-5 loglik=1.405731e2 accepted_ δ ∞=4.765e-5 essian_qp_elapsed=0.001 accepted_step_inf=9.575e-11 loglik=1.405731e2 accepted_ δ ∞=9.575e-11 essian_qp_elapsed=0.001 rho_distance=1.211e-1 essian_qp_elapsed=0.002 accepted_step_inf=2.347e-2 loglik=1.405705e2 accepted_ δ ∞=2.347e-2 essian_qp_elapsed=0.003 accepted_step_inf=9.814e-3 essian_qp_elapsed=0.003 accepted_step_inf=3.709e-6 loglik=1.405694e2 accepted_ δ ∞=3.709e-6 essian_qp_elapsed=0.001 rho_distance=1.211e-1 accepted_iter=94 essian_qp_elapsed=0.002 accepted_step_inf=2.347e-2 loglik=1.405705e2 accepted_ δ ∞=2.347e-2 essian_qp_elapsed=0.003 accepted_step_inf=9.814e-3 essian_qp_elapsed=0.003 accepted_step_inf=3.709e-6 loglik=1.405694e2 accepted_ δ ∞=3.709e-6 essian_qp_elapsed=0.001 rho_distance=1.091e-1 essian_qp_elapsed=0.002 accepted_step_inf=3.892e-2 loglik=1.405540e2 accepted_ δ ∞=3.892e-2 essian_qp_elapsed=0.003 accepted_step_inf=7.873e-3 essian_qp_elapsed=0.002 accepted_step_inf=3.890e-6 essian_qp_elapsed=0.003 accepted_step_inf=2.586e-7 loglik=1.405532e2 accepted_ δ ∞=2.586e-7 essian_qp_elapsed=0.001 rho_distance=1.091e-1 essian_qp_elapsed=0.002 accepted_step_inf=3.892e-2 loglik=1.405540e2 accepted_ δ ∞=3.892e-2 essian_qp_elapsed=0.003 accepted_step_inf=7.873e-3 essian_qp_elapsed=0.002 accepted_step_inf=3.890e-6 essian_qp_elapsed=0.003 accepted_step_inf=2.586e-7 loglik=1.405532e2 accepted_ δ ∞=2.586e-7 essian_qp_elapsed=0.001 rho_distance=1.815e-1 essian_qp_elapsed=0.003 accepted_step_inf=5.570e-2 loglik=1.405152e2 accepted_ δ ∞=5.570e-2 essian_qp_elapsed=0.002 accepted_step_inf=5.734e-4 essian_qp_elapsed=0.003 accepted_step_inf=2.747e-5 loglik=1.405151e2 accepted_ δ ∞=2.747e-5 essian_qp_elapsed=0.001 rho_distance=1.815e-1 essian_qp_elapsed=0.003 accepted_step_inf=5.570e-2 loglik=1.405152e2 accepted_ δ ∞=5.570e-2 essian_qp_elapsed=0.002 accepted_step_inf=5.734e-4 essian_qp_elapsed=0.003 accepted_step_inf=2.747e-5 loglik=1.405151e2 accepted_ δ ∞=2.747e-5 essian_qp_elapsed=0.001 rho_distance=2.459e-1 essian_qp_elapsed=0.003 accepted_step_inf=8.194e-2 loglik=1.404571e2 accepted_ δ ∞=8.194e-2 essian_qp_elapsed=0.002 accepted_step_inf=1.146e-3 essian_qp_elapsed=0.003 accepted_step_inf=7.285e-5 loglik=1.404571e2 accepted_ δ ∞=7.285e-5 essian_qp_elapsed=0.001 accepted_step_inf=1.873e-10 loglik=1.404571e2 accepted_ δ ∞=1.873e-10 essian_qp_elapsed=0.001 rho_distance=2.459e-1 essian_qp_elapsed=0.003 accepted_step_inf=8.194e-2 loglik=1.404571e2 accepted_ δ ∞=8.194e-2 essian_qp_elapsed=0.002 accepted_step_inf=1.146e-3 essian_qp_elapsed=0.003 accepted_step_inf=7.285e-5 loglik=1.404571e2 accepted_ δ ∞=7.285e-5 essian_qp_elapsed=0.001 accepted_step_inf=1.873e-10 loglik=1.404571e2 accepted_ δ ∞=1.873e-10 essian_qp_elapsed=0.001 rho_distance=1.984e-1 essian_qp_elapsed=0.003 accepted_step_inf=7.201e-2 loglik=1.404060e2 accepted_ δ ∞=7.201e-2 essian_qp_elapsed=0.002 accepted_step_inf=8.481e-4 essian_qp_elapsed=0.003 accepted_step_inf=7.889e-5 loglik=1.404059e2 accepted_ δ ∞=7.889e-5 essian_qp_elapsed=0.001 accepted_step_inf=1.819e-10 loglik=1.404059e2 accepted_ δ ∞=1.819e-10 essian_qp_elapsed=0.001 rho_distance=1.984e-1 essian_qp_elapsed=0.003 accepted_step_inf=7.201e-2 loglik=1.404060e2 accepted_ δ ∞=7.201e-2 essian_qp_elapsed=0.002 accepted_step_inf=8.481e-4 essian_qp_elapsed=0.003 accepted_step_inf=7.889e-5 loglik=1.404059e2 accepted_ δ ∞=7.889e-5 essian_qp_elapsed=0.001 accepted_step_inf=1.819e-10 loglik=1.404059e2 accepted_ δ ∞=1.819e-10 essian_qp_elapsed=0.001 rho_distance=2.227e-1 essian_qp_elapsed=0.003 accepted_step_inf=4.874e-2 loglik=1.403828e2 accepted_ δ ∞=4.874e-2 essian_qp_elapsed=0.002 accepted_step_inf=2.180e-4 essian_qp_elapsed=0.003 accepted_step_inf=3.471e-5 loglik=1.403828e2 accepted_ δ ∞=3.471e-5 essian_qp_elapsed=0.001 rho_distance=2.227e-1 essian_qp_elapsed=0.003 accepted_step_inf=4.874e-2 loglik=1.403828e2 accepted_ δ ∞=4.874e-2 essian_qp_elapsed=0.002 accepted_step_inf=2.180e-4 essian_qp_elapsed=0.003 accepted_step_inf=3.471e-5 loglik=1.403828e2 accepted_ δ ∞=3.471e-5 essian_qp_elapsed=0.001 rho_distance=4.162e-1 essian_qp_elapsed=0.001 accepted_step_inf=1.987e-2 loglik=1.403864e2 accepted_ δ ∞=1.987e-2 essian_qp_elapsed=0.003 accepted_step_inf=2.449e-2 essian_qp_elapsed=0.002 accepted_step_inf=3.987e-5 essian_qp_elapsed=0.003 accepted_step_inf=7.520e-6 loglik=1.403798e2 accepted_ δ ∞=7.520e-6 essian_qp_elapsed=0.001 rho_distance=4.162e-1 essian_qp_elapsed=0.001 accepted_step_inf=1.987e-2 loglik=1.403864e2 accepted_ δ ∞=1.987e-2 essian_qp_elapsed=0.003 accepted_step_inf=2.449e-2 essian_qp_elapsed=0.002 accepted_step_inf=3.987e-5 essian_qp_elapsed=0.003 accepted_step_inf=7.520e-6 loglik=1.403798e2 accepted_ δ ∞=7.520e-6 essian_qp_elapsed=0.001 rho_distance=8.576e-1 essian_qp_elapsed=0.001 accepted_step_inf=4.063e-2 loglik=1.403958e2 accepted_ δ ∞=4.063e-2 essian_qp_elapsed=0.003 accepted_step_inf=1.873e-2 essian_qp_elapsed=0.003 accepted_step_inf=2.635e-5 loglik=1.403906e2 accepted_ δ ∞=2.635e-5 essian_qp_elapsed=0.001 rho_distance=8.576e-1 essian_qp_elapsed=0.001 accepted_step_inf=4.063e-2 loglik=1.403958e2 accepted_ δ ∞=4.063e-2 essian_qp_elapsed=0.003 accepted_step_inf=1.873e-2 essian_qp_elapsed=0.003 accepted_step_inf=2.635e-5 loglik=1.403906e2 accepted_ δ ∞=2.635e-5 essian_qp_elapsed=0.001 rho_distance=1.212e0 essian_qp_elapsed=0.001 accepted_step_inf=5.372e-2 loglik=1.404140e2 accepted_ δ ∞=5.372e-2 essian_qp_elapsed=0.003 accepted_step_inf=3.287e-2 essian_qp_elapsed=0.003 accepted_step_inf=2.506e-5 loglik=1.404114e2 accepted_ δ ∞=2.506e-5 essian_qp_elapsed=0.001 accepted_step_inf=7.691e-11 loglik=1.404114e2 accepted_ δ ∞=7.691e-11 essian_qp_elapsed=0.001 accepted_step_inf=3.350e-11 loglik=1.404114e2 accepted_ δ ∞=3.350e-11 essian_qp_elapsed=0.001 rho_distance=1.212e0 essian_qp_elapsed=0.001 accepted_step_inf=5.372e-2 loglik=1.404140e2 accepted_ δ ∞=5.372e-2 essian_qp_elapsed=0.003 accepted_step_inf=3.287e-2 essian_qp_elapsed=0.003 accepted_step_inf=2.506e-5 loglik=1.404114e2 accepted_ δ ∞=2.506e-5 essian_qp_elapsed=0.001 accepted_step_inf=7.691e-11 loglik=1.404114e2 accepted_ δ ∞=7.691e-11 essian_qp_elapsed=0.001 accepted_step_inf=3.350e-11 loglik=1.404114e2 accepted_ δ ∞=3.350e-11 essian_qp_elapsed=0.001 rho_distance=1.087e0 essian_qp_elapsed=0.001 accepted_step_inf=4.244e-2 loglik=1.404307e2 accepted_ δ ∞=4.244e-2 essian_qp_elapsed=0.003 accepted_step_inf=3.345e-2 essian_qp_elapsed=0.003 accepted_step_inf=3.666e-5 loglik=1.404282e2 accepted_ δ ∞=3.666e-5 essian_qp_elapsed=0.001 rho_distance=1.087e0 essian_qp_elapsed=0.001 accepted_step_inf=4.244e-2 loglik=1.404307e2 accepted_ δ ∞=4.244e-2 essian_qp_elapsed=0.003 accepted_step_inf=3.345e-2 essian_qp_elapsed=0.003 accepted_step_inf=3.666e-5 loglik=1.404282e2 accepted_ δ ∞=3.666e-5 essian_qp_elapsed=0.001 rho_distance=5.346e-1 essian_qp_elapsed=0.001 accepted_step_inf=1.707e-2 loglik=1.404361e2 accepted_ δ ∞=1.707e-2 essian_qp_elapsed=0.003 accepted_step_inf=2.186e-2 essian_qp_elapsed=0.003 accepted_step_inf=1.446e-5 loglik=1.404330e2 accepted_ δ ∞=1.446e-5 essian_qp_elapsed=0.001 rho_distance=5.346e-1 essian_qp_elapsed=0.001 accepted_step_inf=1.707e-2 loglik=1.404361e2 accepted_ δ ∞=1.707e-2 essian_qp_elapsed=0.003 accepted_step_inf=2.186e-2 essian_qp_elapsed=0.003 accepted_step_inf=1.446e-5 loglik=1.404330e2 accepted_ δ ∞=1.446e-5 essian_qp_elapsed=0.001 rho_distance=3.051e-1 essian_qp_elapsed=0.001 accepted_step_inf=1.876e-3 loglik=1.404346e2 accepted_ δ ∞=1.876e-3 essian_qp_elapsed=0.003 accepted_step_inf=1.470e-2 essian_qp_elapsed=0.003 accepted_step_inf=6.205e-6 loglik=1.404334e2 accepted_ δ ∞=6.205e-6 essian_qp_elapsed=0.001 rho_distance=3.051e-1 essian_qp_elapsed=0.001 accepted_step_inf=1.876e-3 loglik=1.404346e2 accepted_ δ ∞=1.876e-3 essian_qp_elapsed=0.003 accepted_step_inf=1.470e-2 essian_qp_elapsed=0.003 accepted_step_inf=6.205e-6 loglik=1.404334e2 accepted_ δ ∞=6.205e-6 essian_qp_elapsed=0.001 rho_distance=5.300e-1 essian_qp_elapsed=0.001 accepted_step_inf=3.065e-3 loglik=1.404354e2 accepted_ δ ∞=3.065e-3 essian_qp_elapsed=0.003 accepted_step_inf=2.365e-2 essian_qp_elapsed=0.003 accepted_step_inf=1.921e-5 loglik=1.404301e2 accepted_ δ ∞=1.921e-5 essian_qp_elapsed=0.001 rho_distance=5.300e-1 essian_qp_elapsed=0.001 accepted_step_inf=3.065e-3 loglik=1.404354e2 accepted_ δ ∞=3.065e-3 essian_qp_elapsed=0.003 accepted_step_inf=2.365e-2 essian_qp_elapsed=0.003 accepted_step_inf=1.921e-5 loglik=1.404301e2 accepted_ δ ∞=1.921e-5 essian_qp_elapsed=0.001 rho_distance=8.368e-1 essian_qp_elapsed=0.001 accepted_step_inf=4.872e-3 loglik=1.404322e2 accepted_ δ ∞=4.872e-3 essian_qp_elapsed=0.003 accepted_step_inf=3.791e-2 essian_qp_elapsed=0.003 accepted_step_inf=3.629e-5 loglik=1.404168e2 accepted_ δ ∞=3.629e-5 essian_qp_elapsed=0.001 rho_distance=8.368e-1 essian_qp_elapsed=0.001 accepted_step_inf=4.872e-3 loglik=1.404322e2 accepted_ δ ∞=4.872e-3 essian_qp_elapsed=0.003 accepted_step_inf=3.791e-2 essian_qp_elapsed=0.003 accepted_step_inf=3.629e-5 loglik=1.404168e2 accepted_ δ ∞=3.629e-5 essian_qp_elapsed=0.001 rho_distance=1.455e0 essian_qp_elapsed=0.002 accepted_step_inf=5.068e-2 loglik=1.403958e2 accepted_ δ ∞=5.068e-2 essian_qp_elapsed=0.003 accepted_step_inf=4.893e-2 essian_qp_elapsed=0.003 accepted_step_inf=5.183e-2 essian_qp_elapsed=0.003 accepted_step_inf=2.884e-5 loglik=1.403744e2 accepted_ δ ∞=2.884e-5 essian_qp_elapsed=0.001 rho_distance=1.455e0 essian_qp_elapsed=0.002 accepted_step_inf=5.068e-2 loglik=1.403958e2 accepted_ δ ∞=5.068e-2 essian_qp_elapsed=0.003 accepted_step_inf=4.893e-2 essian_qp_elapsed=0.003 accepted_step_inf=5.183e-2 essian_qp_elapsed=0.003 accepted_step_inf=2.884e-5 loglik=1.403744e2 accepted_ δ ∞=2.884e-5 essian_qp_elapsed=0.001 rho_distance=2.249e0 essian_qp_elapsed=0.002 accepted_step_inf=1.691e-1 loglik=1.402988e2 accepted_ δ ∞=1.691e-1 essian_qp_elapsed=0.003 accepted_step_inf=1.460e-1 essian_qp_elapsed=0.003 accepted_step_inf=1.448e-1 essian_qp_elapsed=0.003 accepted_step_inf=2.192e-4 loglik=1.402662e2 accepted_ δ ∞=2.192e-4 essian_qp_elapsed=0.003 accepted_step_inf=5.045e-9 loglik=1.402662e2 accepted_ δ ∞=5.045e-9 essian_qp_elapsed=0.001 rho_distance=2.249e0 essian_qp_elapsed=0.002 accepted_step_inf=1.691e-1 loglik=1.402988e2 accepted_ δ ∞=1.691e-1 essian_qp_elapsed=0.003 accepted_step_inf=1.460e-1 essian_qp_elapsed=0.003 accepted_step_inf=1.448e-1 essian_qp_elapsed=0.003 accepted_step_inf=2.192e-4 loglik=1.402662e2 accepted_ δ ∞=2.192e-4 essian_qp_elapsed=0.003 accepted_step_inf=5.045e-9 loglik=1.402662e2 accepted_ δ ∞=5.045e-9 essian_qp_elapsed=0.001 rho_distance=1.504e0 essian_qp_elapsed=0.003 accepted_step_inf=4.583e-1 loglik=1.401451e2 accepted_ δ ∞=4.583e-1 essian_qp_elapsed=0.003 accepted_step_inf=3.406e-3 essian_qp_elapsed=0.003 accepted_step_inf=1.564e-6 loglik=1.401446e2 accepted_ δ ∞=1.564e-6 essian_qp_elapsed=0.001 rho_distance=1.504e0 essian_qp_elapsed=0.003 accepted_step_inf=4.583e-1 loglik=1.401451e2 accepted_ δ ∞=4.583e-1 essian_qp_elapsed=0.003 accepted_step_inf=3.406e-3 essian_qp_elapsed=0.003 accepted_step_inf=1.564e-6 loglik=1.401446e2 accepted_ δ ∞=1.564e-6 essian_qp_elapsed=0.001 rho_distance=7.105e-1 essian_qp_elapsed=0.002 accepted_step_inf=9.151e-2 loglik=1.401163e2 accepted_ δ ∞=9.151e-2 essian_qp_elapsed=0.003 accepted_step_inf=4.114e-2 essian_qp_elapsed=0.003 accepted_step_inf=4.699e-2 essian_qp_elapsed=0.003 accepted_step_inf=5.794e-5 loglik=1.401312e2 accepted_ δ ∞=5.794e-5 essian_qp_elapsed=0.001 rho_distance=7.105e-1 essian_qp_elapsed=0.003 accepted_step_inf=9.151e-2 loglik=1.401163e2 accepted_ δ ∞=9.151e-2 essian_qp_elapsed=0.003 accepted_step_inf=4.114e-2 essian_qp_elapsed=0.003 accepted_step_inf=4.699e-2 essian_qp_elapsed=0.003 accepted_step_inf=5.794e-5 loglik=1.401312e2 accepted_ δ ∞=5.794e-5 essian_qp_elapsed=0.001 rho_distance=2.313e0 essian_qp_elapsed=0.001 accepted_step_inf=7.616e-3 loglik=1.401278e2 accepted_ δ ∞=7.616e-3 essian_qp_elapsed=0.003 accepted_step_inf=7.026e-2 essian_qp_elapsed=0.003 accepted_step_inf=5.338e-2 essian_qp_elapsed=0.003 accepted_step_inf=6.605e-2 essian_qp_elapsed=0.003 accepted_step_inf=1.110e-4 loglik=1.401477e2 accepted_ δ ∞=1.110e-4 essian_qp_elapsed=0.001 rho_distance=2.313e0 essian_qp_elapsed=0.001 accepted_step_inf=7.616e-3 loglik=1.401278e2 accepted_ δ ∞=7.616e-3 essian_qp_elapsed=0.003 accepted_step_inf=7.026e-2 essian_qp_elapsed=0.003 accepted_step_inf=5.338e-2 essian_qp_elapsed=0.003 accepted_step_inf=6.605e-2 essian_qp_elapsed=0.003 accepted_step_inf=1.110e-4 loglik=1.401477e2 accepted_ δ ∞=1.110e-4 essian_qp_elapsed=0.001 rho_distance=5.808e-1 essian_qp_elapsed=0.002 accepted_step_inf=3.607e-2 loglik=1.401396e2 accepted_ δ ∞=3.607e-2 essian_qp_elapsed=0.003 accepted_step_inf=2.460e-2 essian_qp_elapsed=0.003 accepted_step_inf=1.794e-5 loglik=1.401403e2 accepted_ δ ∞=1.794e-5 essian_qp_elapsed=0.001 rho_distance=5.808e-1 essian_qp_elapsed=0.001 accepted_step_inf=3.607e-2 loglik=1.401396e2 accepted_ δ ∞=3.607e-2 essian_qp_elapsed=0.003 accepted_step_inf=2.460e-2 essian_qp_elapsed=0.003 accepted_step_inf=1.794e-5 loglik=1.401403e2 accepted_ δ ∞=1.794e-5 essian_qp_elapsed=0.001 rho_distance=1.007e0 essian_qp_elapsed=0.001 accepted_step_inf=5.220e-2 loglik=1.401326e2 accepted_ δ ∞=5.220e-2 essian_qp_elapsed=0.003 accepted_step_inf=4.701e-2 essian_qp_elapsed=0.003 accepted_step_inf=1.233e-4 loglik=1.401424e2 accepted_ δ ∞=1.233e-4 essian_qp_elapsed=0.001 accepted_step_inf=8.773e-10 loglik=1.401424e2 accepted_ δ ∞=8.773e-10 essian_qp_elapsed=0.001 rho_distance=1.007e0 essian_qp_elapsed=0.001 accepted_step_inf=5.220e-2 loglik=1.401326e2 accepted_ δ ∞=5.220e-2 essian_qp_elapsed=0.003 accepted_step_inf=4.701e-2 essian_qp_elapsed=0.003 accepted_step_inf=1.233e-4 loglik=1.401424e2 accepted_ δ ∞=1.233e-4 essian_qp_elapsed=0.001 accepted_step_inf=8.773e-10 loglik=1.401424e2 accepted_ δ ∞=8.773e-10 essian_qp_elapsed=0.001 rho_distance=6.836e-2 essian_qp_elapsed=0.002 accepted_step_inf=6.287e-3 loglik=1.401413e2 accepted_ δ ∞=6.287e-3 essian_qp_elapsed=0.003 accepted_step_inf=7.004e-3 essian_qp_elapsed=0.003 accepted_step_inf=4.420e-6 loglik=1.401422e2 accepted_ δ ∞=4.420e-6 essian_qp_elapsed=0.001 rho_distance=6.836e-2 essian_qp_elapsed=0.002 accepted_step_inf=6.287e-3 loglik=1.401413e2 accepted_ δ ∞=6.287e-3 essian_qp_elapsed=0.003 accepted_step_inf=7.004e-3 essian_qp_elapsed=0.003 accepted_step_inf=4.420e-6 loglik=1.401422e2 accepted_ δ ∞=4.420e-6 essian_qp_elapsed=0.001 rho_distance=4.883e-1 essian_qp_elapsed=0.001 accepted_step_inf=2.794e-3 loglik=1.401427e2 accepted_ δ ∞=2.794e-3 essian_qp_elapsed=0.003 accepted_step_inf=2.246e-2 essian_qp_elapsed=0.003 accepted_step_inf=8.429e-5 loglik=1.401530e2 accepted_ δ ∞=8.429e-5 essian_qp_elapsed=0.001 rho_distance=4.883e-1 essian_qp_elapsed=0.001 accepted_step_inf=2.794e-3 loglik=1.401427e2 accepted_ δ ∞=2.794e-3 essian_qp_elapsed=0.003 accepted_step_inf=2.246e-2 essian_qp_elapsed=0.003 accepted_step_inf=8.429e-5 loglik=1.401530e2 accepted_ δ ∞=8.429e-5 essian_qp_elapsed=0.001 rho_distance=2.047e0 essian_qp_elapsed=0.001 accepted_step_inf=7.010e-3 loglik=1.401546e2 accepted_ δ ∞=7.010e-3 essian_qp_elapsed=0.003 accepted_step_inf=2.607e-2 essian_qp_elapsed=0.003 accepted_step_inf=3.915e-2 essian_qp_elapsed=0.003 accepted_step_inf=6.571e-3 essian_qp_elapsed=0.003 accepted_step_inf=3.657e-6 essian_qp_elapsed=0.001 accepted_step_inf=4.025e-8 essian_qp_elapsed=0.001 accepted_step_inf=9.847e-9 essian_qp_elapsed=0.001 accepted_step_inf=4.000e-8 essian_qp_elapsed=0.001 accepted_step_inf=2.393e-9 essian_qp_elapsed=0.001 accepted_step_inf=8.760e-7 loglik=1.401853e2 accepted_ δ ∞=8.760e-7 essian_qp_elapsed=0.001 rho_distance=2.047e0 essian_qp_elapsed=0.001 accepted_step_inf=7.010e-3 loglik=1.401546e2 accepted_ δ ∞=7.010e-3 essian_qp_elapsed=0.003 accepted_step_inf=2.607e-2 essian_qp_elapsed=0.003 accepted_step_inf=3.915e-2 essian_qp_elapsed=0.003 accepted_step_inf=6.571e-3 essian_qp_elapsed=0.003 accepted_step_inf=3.657e-6 essian_qp_elapsed=0.001 accepted_step_inf=4.025e-8 essian_qp_elapsed=0.001 accepted_step_inf=9.847e-9 essian_qp_elapsed=0.001 accepted_step_inf=4.000e-8 essian_qp_elapsed=0.001 accepted_step_inf=2.393e-9 essian_qp_elapsed=0.001 accepted_step_inf=8.760e-7 loglik=1.401853e2 accepted_ δ ∞=8.760e-7 essian_qp_elapsed=0.001 rho_distance=1.052e0 essian_qp_elapsed=0.001 accepted_step_inf=2.029e-3 loglik=1.401860e2 accepted_ δ ∞=2.029e-3 essian_qp_elapsed=0.002 accepted_step_inf=2.960e-2 essian_qp_elapsed=0.003 accepted_step_inf=7.005e-3 essian_qp_elapsed=0.003 accepted_step_inf=1.589e-6 loglik=1.401913e2 accepted_ δ ∞=1.589e-6 essian_qp_elapsed=0.001 rho_distance=1.052e0 essian_qp_elapsed=0.001 accepted_step_inf=2.029e-3 loglik=1.401860e2 accepted_ δ ∞=2.029e-3 essian_qp_elapsed=0.003 accepted_step_inf=2.960e-2 essian_qp_elapsed=0.003 accepted_step_inf=7.005e-3 essian_qp_elapsed=0.003 accepted_step_inf=1.589e-6 loglik=1.401913e2 accepted_ δ ∞=1.589e-6 essian_qp_elapsed=0.001 rho_distance=9.588e-1 essian_qp_elapsed=0.001 accepted_step_inf=1.054e-3 loglik=1.401918e2 accepted_ δ ∞=1.054e-3 essian_qp_elapsed=0.003 accepted_step_inf=3.376e-2 essian_qp_elapsed=0.003 accepted_step_inf=5.854e-4 loglik=1.401924e2 accepted_ δ ∞=5.854e-4 essian_qp_elapsed=0.001 rho_distance=9.588e-1 essian_qp_elapsed=0.001 accepted_step_inf=1.054e-3 loglik=1.401918e2 accepted_ δ ∞=1.054e-3 essian_qp_elapsed=0.003 accepted_step_inf=3.376e-2 essian_qp_elapsed=0.003 accepted_step_inf=5.854e-4 loglik=1.401924e2 accepted_ δ ∞=5.854e-4 essian_qp_elapsed=0.001 essian_qp_elapsed=0.001 accepted_step_inf=7.111e-1 loglik=2.826464e2 accepted_ δ ∞=7.111e-1 essian_qp_elapsed=0.001 accepted_step_inf=1.203e-1 essian_qp_elapsed=0.001 accepted_step_inf=3.860e-3 essian_qp_elapsed=0.001 accepted_step_inf=4.228e-6 essian_qp_elapsed=0.001 accepted_step_inf=4.448e-11 essian_qp_elapsed=0.001 accepted_step_inf=1.021e-11 essian_qp_elapsed=0.001 accepted_step_inf=2.258e-12 essian_qp_elapsed=0.001 accepted_step_inf=9.568e-13 essian_qp_elapsed=0.001 accepted_step_inf=1.255e-13 loglik=2.823670e2 accepted_ δ ∞=1.255e-13 essian_qp_elapsed=0.001 accepted_step_inf=2.442e-15 loglik=2.823670e2 accepted_ δ ∞=2.442e-15 essian_qp_elapsed=0.001 essian_qp_elapsed=0.001 accepted_step_inf=7.111e-1 loglik=2.826464e2 accepted_ δ ∞=7.111e-1 essian_qp_elapsed=0.001 accepted_step_inf=1.203e-1 essian_qp_elapsed=0.001 accepted_step_inf=3.860e-3 essian_qp_elapsed=0.001 accepted_step_inf=4.228e-6 essian_qp_elapsed=0.001 accepted_step_inf=4.448e-11 essian_qp_elapsed=0.001 accepted_step_inf=1.021e-11 essian_qp_elapsed=0.001 accepted_step_inf=2.258e-12 essian_qp_elapsed=0.001 accepted_step_inf=9.568e-13 essian_qp_elapsed=0.001 accepted_step_inf=1.255e-13 loglik=2.823670e2 accepted_ δ ∞=1.255e-13 essian_qp_elapsed=0.001 accepted_step_inf=2.442e-15 loglik=2.823670e2 accepted_ δ ∞=2.442e-15 essian_qp_elapsed=0.001 essian_qp_elapsed=0.001 accepted_step_inf=7.111e-1 loglik=2.826464e2 accepted_ δ ∞=7.111e-1 essian_qp_elapsed=0.001 accepted_step_inf=1.203e-1 essian_qp_elapsed=0.001 accepted_step_inf=3.860e-3 essian_qp_elapsed=0.001 accepted_step_inf=4.228e-6 essian_qp_elapsed=0.001 accepted_step_inf=4.448e-11 essian_qp_elapsed=0.001 accepted_step_inf=1.021e-11 essian_qp_elapsed=0.001 accepted_step_inf=2.258e-12 essian_qp_elapsed=0.001 accepted_step_inf=9.568e-13 essian_qp_elapsed=0.001 accepted_step_inf=1.255e-13 loglik=2.823670e2 accepted_ δ ∞=1.255e-13 essian_qp_elapsed=0.001 accepted_step_inf=2.442e-15 loglik=2.823670e2 accepted_ δ ∞=2.442e-15 essian_qp_elapsed=0.001 essian_qp_elapsed=0.001 accepted_step_inf=5.203e0 loglik=2.187945e2 accepted_ δ ∞=5.203e0 essian_qp_elapsed=0.002 accepted_step_inf=2.494e0 essian_qp_elapsed=0.001 accepted_step_inf=3.357e-1 essian_qp_elapsed=0.002 accepted_step_inf=6.984e-2 essian_qp_elapsed=0.002 accepted_step_inf=1.733e-2 essian_qp_elapsed=0.002 accepted_step_inf=1.059e-3 essian_qp_elapsed=0.002 accepted_step_inf=1.614e-4 essian_qp_elapsed=0.001 accepted_step_inf=9.953e-6 essian_qp_elapsed=0.002 accepted_step_inf=1.059e-6 essian_qp_elapsed=0.002 accepted_step_inf=8.155e-8 essian_qp_elapsed=0.001 accepted_step_inf=4.976e-9 loglik=2.141212e2 accepted_ δ ∞=4.976e-9 essian_qp_elapsed=0.002 accepted_step_inf=1.316e-9 loglik=2.141212e2 accepted_ δ ∞=1.316e-9 essian_qp_elapsed=0.001 essian_qp_elapsed=0.001 accepted_step_inf=5.203e0 loglik=2.187945e2 accepted_ δ ∞=5.203e0 essian_qp_elapsed=0.001 accepted_step_inf=2.494e0 essian_qp_elapsed=0.001 accepted_step_inf=3.357e-1 essian_qp_elapsed=0.001 accepted_step_inf=6.984e-2 essian_qp_elapsed=0.002 accepted_step_inf=1.733e-2 essian_qp_elapsed=0.002 accepted_step_inf=1.059e-3 essian_qp_elapsed=0.002 accepted_step_inf=1.614e-4 essian_qp_elapsed=0.001 accepted_step_inf=9.953e-6 essian_qp_elapsed=0.002 accepted_step_inf=1.059e-6 essian_qp_elapsed=0.001 accepted_step_inf=8.155e-8 essian_qp_elapsed=0.002 accepted_step_inf=4.976e-9 loglik=2.141212e2 accepted_ δ ∞=4.976e-9 essian_qp_elapsed=0.002 accepted_step_inf=1.316e-9 loglik=2.141212e2 accepted_ δ ∞=1.316e-9 essian_qp_elapsed=0.001 essian_qp_elapsed=0.001 accepted_step_inf=8.278e-1 loglik=2.068169e2 accepted_ δ ∞=8.278e-1 essian_qp_elapsed=0.001 accepted_step_inf=8.640e-2 essian_qp_elapsed=0.002 accepted_step_inf=1.094e-2 essian_qp_elapsed=0.002 accepted_step_inf=8.620e-4 essian_qp_elapsed=0.002 accepted_step_inf=9.777e-5 essian_qp_elapsed=0.002 accepted_step_inf=6.514e-6 essian_qp_elapsed=0.002 accepted_step_inf=3.765e-7 essian_qp_elapsed=0.001 accepted_step_inf=4.581e-8 essian_qp_elapsed=0.002 accepted_step_inf=1.061e-9 loglik=2.067713e2 accepted_ δ ∞=1.061e-9 essian_qp_elapsed=0.001 accepted_step_inf=1.212e-10 loglik=2.067713e2 accepted_ δ ∞=1.212e-10 essian_qp_elapsed=0.001 accepted_iter=120 essian_qp_elapsed=0.001 accepted_step_inf=8.278e-1 loglik=2.068169e2 accepted_ δ ∞=8.278e-1 essian_qp_elapsed=0.001 accepted_step_inf=8.640e-2 essian_qp_elapsed=0.002 accepted_step_inf=1.094e-2 essian_qp_elapsed=0.002 accepted_step_inf=8.620e-4 essian_qp_elapsed=0.002 accepted_step_inf=9.777e-5 essian_qp_elapsed=0.002 accepted_step_inf=6.514e-6 essian_qp_elapsed=0.002 accepted_step_inf=3.765e-7 essian_qp_elapsed=0.002 accepted_step_inf=4.581e-8 essian_qp_elapsed=0.002 accepted_step_inf=1.061e-9 loglik=2.067713e2 accepted_ δ ∞=1.061e-9 essian_qp_elapsed=0.001 accepted_step_inf=1.212e-10 loglik=2.067713e2 accepted_ δ ∞=1.212e-10 essian_qp_elapsed=0.001 rho_distance=1.000e0 essian_qp_elapsed=0.001 accepted_step_inf=1.769e0 loglik=1.992326e2 accepted_ δ ∞=1.769e0 essian_qp_elapsed=0.001 accepted_step_inf=1.520e-1 essian_qp_elapsed=0.002 accepted_step_inf=2.056e-2 essian_qp_elapsed=0.002 accepted_step_inf=1.082e-3 essian_qp_elapsed=0.002 accepted_step_inf=1.290e-4 essian_qp_elapsed=0.002 accepted_step_inf=1.585e-5 essian_qp_elapsed=0.002 accepted_step_inf=5.628e-7 essian_qp_elapsed=0.002 accepted_step_inf=3.069e-8 essian_qp_elapsed=0.001 accepted_step_inf=2.044e-9 loglik=1.990861e2 accepted_ δ ∞=2.044e-9 essian_qp_elapsed=0.002 accepted_step_inf=2.897e-10 loglik=1.990861e2 accepted_ δ ∞=2.897e-10 essian_qp_elapsed=0.001 rho_distance=1.000e0 accepted_iter=120 essian_qp_elapsed=0.001 accepted_step_inf=1.769e0 loglik=1.992326e2 accepted_ δ ∞=1.769e0 essian_qp_elapsed=0.001 accepted_step_inf=1.520e-1 essian_qp_elapsed=0.002 accepted_step_inf=2.056e-2 essian_qp_elapsed=0.002 accepted_step_inf=1.082e-3 essian_qp_elapsed=0.002 accepted_step_inf=1.290e-4 essian_qp_elapsed=0.002 accepted_step_inf=1.585e-5 essian_qp_elapsed=0.002 accepted_step_inf=5.628e-7 essian_qp_elapsed=0.002 accepted_step_inf=3.069e-8 essian_qp_elapsed=0.001 accepted_step_inf=2.044e-9 loglik=1.990861e2 accepted_ δ ∞=2.044e-9 essian_qp_elapsed=0.002 accepted_step_inf=2.897e-10 loglik=1.990861e2 accepted_ δ ∞=2.897e-10 essian_qp_elapsed=0.001 rho_distance=2.000e0 essian_qp_elapsed=0.001 accepted_step_inf=3.640e0 loglik=1.854462e2 accepted_ δ ∞=3.640e0 essian_qp_elapsed=0.001 accepted_step_inf=2.681e-1 essian_qp_elapsed=0.001 accepted_step_inf=6.594e-2 essian_qp_elapsed=0.002 accepted_step_inf=6.067e-3 essian_qp_elapsed=0.001 accepted_step_inf=2.744e-4 essian_qp_elapsed=0.002 accepted_step_inf=2.907e-5 essian_qp_elapsed=0.001 accepted_step_inf=7.690e-7 essian_qp_elapsed=0.002 accepted_step_inf=1.275e-7 essian_qp_elapsed=0.001 accepted_step_inf=1.120e-8 essian_qp_elapsed=0.002 accepted_step_inf=2.050e-9 loglik=1.846391e2 accepted_ δ ∞=2.050e-9 essian_qp_elapsed=0.001 accepted_step_inf=2.734e-11 loglik=1.846391e2 accepted_ δ ∞=2.734e-11 essian_qp_elapsed=0.001 rho_distance=2.000e0 accepted_iter=120 essian_qp_elapsed=0.001 accepted_step_inf=3.640e0 loglik=1.854462e2 accepted_ δ ∞=3.640e0 essian_qp_elapsed=0.001 accepted_step_inf=2.681e-1 essian_qp_elapsed=0.001 accepted_step_inf=6.594e-2 essian_qp_elapsed=0.002 accepted_step_inf=6.067e-3 essian_qp_elapsed=0.001 accepted_step_inf=2.744e-4 essian_qp_elapsed=0.002 accepted_step_inf=2.907e-5 essian_qp_elapsed=0.001 accepted_step_inf=7.690e-7 essian_qp_elapsed=0.002 accepted_step_inf=1.275e-7 essian_qp_elapsed=0.001 accepted_step_inf=1.120e-8 essian_qp_elapsed=0.002 accepted_step_inf=2.050e-9 loglik=1.846391e2 accepted_ δ ∞=2.050e-9 essian_qp_elapsed=0.001 accepted_step_inf=2.734e-11 loglik=1.846391e2 accepted_ δ ∞=2.734e-11 essian_qp_elapsed=0.001 rho_distance=4.000e0 essian_qp_elapsed=0.001 accepted_step_inf=6.040e0 loglik=1.688115e2 accepted_ δ ∞=6.040e0 essian_qp_elapsed=0.001 accepted_step_inf=8.091e-1 essian_qp_elapsed=0.002 accepted_step_inf=2.551e-1 essian_qp_elapsed=0.001 accepted_step_inf=5.665e-3 essian_qp_elapsed=0.002 accepted_step_inf=2.916e-3 essian_qp_elapsed=0.002 accepted_step_inf=2.018e-4 essian_qp_elapsed=0.002 accepted_step_inf=1.235e-5 essian_qp_elapsed=0.001 accepted_step_inf=4.371e-7 essian_qp_elapsed=0.002 accepted_step_inf=2.835e-8 essian_qp_elapsed=0.002 accepted_step_inf=4.216e-9 loglik=1.649291e2 accepted_ δ ∞=4.216e-9 essian_qp_elapsed=0.002 accepted_step_inf=1.546e-10 loglik=1.649291e2 accepted_ δ ∞=1.546e-10 essian_qp_elapsed=0.001 rho_distance=4.000e0 accepted_iter=120 essian_qp_elapsed=0.001 accepted_step_inf=6.040e0 loglik=1.688115e2 accepted_ δ ∞=6.040e0 essian_qp_elapsed=0.001 accepted_step_inf=8.091e-1 essian_qp_elapsed=0.002 accepted_step_inf=2.551e-1 essian_qp_elapsed=0.001 accepted_step_inf=5.665e-3 essian_qp_elapsed=0.002 accepted_step_inf=2.916e-3 essian_qp_elapsed=0.002 accepted_step_inf=2.018e-4 essian_qp_elapsed=0.002 accepted_step_inf=1.235e-5 essian_qp_elapsed=0.001 accepted_step_inf=4.371e-7 essian_qp_elapsed=0.002 accepted_step_inf=2.835e-8 essian_qp_elapsed=0.002 accepted_step_inf=4.216e-9 loglik=1.649291e2 accepted_ δ ∞=4.216e-9 essian_qp_elapsed=0.002 accepted_step_inf=1.546e-10 loglik=1.649291e2 accepted_ δ ∞=1.546e-10 essian_qp_elapsed=0.001 rho_distance=8.000e0 essian_qp_elapsed=0.001 accepted_step_inf=5.454e0 loglik=1.582119e2 accepted_ δ ∞=5.454e0 essian_qp_elapsed=0.001 accepted_step_inf=2.453e0 essian_qp_elapsed=0.001 accepted_step_inf=1.380e0 essian_qp_elapsed=0.002 accepted_step_inf=2.418e-1 essian_qp_elapsed=0.002 accepted_step_inf=2.704e-2 essian_qp_elapsed=0.002 accepted_step_inf=1.496e-3 essian_qp_elapsed=0.001 accepted_step_inf=1.917e-4 essian_qp_elapsed=0.002 accepted_step_inf=8.247e-6 essian_qp_elapsed=0.001 accepted_step_inf=4.883e-7 essian_qp_elapsed=0.002 accepted_step_inf=1.021e-7 essian_qp_elapsed=0.001 accepted_step_inf=1.508e-9 loglik=1.497279e2 accepted_ δ ∞=1.508e-9 essian_qp_elapsed=0.002 accepted_step_inf=3.805e-10 loglik=1.497279e2 accepted_ δ ∞=3.805e-10 essian_qp_elapsed=0.001 rho_distance=8.000e0 accepted_iter=120 essian_qp_elapsed=0.001 accepted_step_inf=5.454e0 loglik=1.582119e2 accepted_ δ ∞=5.454e0 essian_qp_elapsed=0.001 accepted_step_inf=2.453e0 essian_qp_elapsed=0.001 accepted_step_inf=1.380e0 essian_qp_elapsed=0.002 accepted_step_inf=2.418e-1 essian_qp_elapsed=0.001 accepted_step_inf=2.704e-2 essian_qp_elapsed=0.002 accepted_step_inf=1.496e-3 essian_qp_elapsed=0.001 accepted_step_inf=1.917e-4 essian_qp_elapsed=0.002 accepted_step_inf=8.247e-6 essian_qp_elapsed=0.001 accepted_step_inf=4.883e-7 essian_qp_elapsed=0.002 accepted_step_inf=1.021e-7 essian_qp_elapsed=0.001 accepted_step_inf=1.508e-9 loglik=1.497279e2 accepted_ δ ∞=1.508e-9 essian_qp_elapsed=0.002 accepted_step_inf=3.805e-10 loglik=1.497279e2 accepted_ δ ∞=3.805e-10 essian_qp_elapsed=0.001 rho_distance=2.010e0 essian_qp_elapsed=0.001 accepted_step_inf=2.852e0 loglik=1.467999e2 accepted_ δ ∞=2.852e0 essian_qp_elapsed=0.002 accepted_step_inf=3.210e-1 essian_qp_elapsed=0.002 accepted_step_inf=1.852e-2 essian_qp_elapsed=0.001 accepted_step_inf=1.369e-3 essian_qp_elapsed=0.002 accepted_step_inf=1.041e-4 essian_qp_elapsed=0.002 accepted_step_inf=3.219e-5 essian_qp_elapsed=0.002 accepted_step_inf=1.114e-6 essian_qp_elapsed=0.001 accepted_step_inf=1.146e-7 essian_qp_elapsed=0.002 accepted_step_inf=6.963e-9 essian_qp_elapsed=0.001 accepted_step_inf=2.417e-10 loglik=1.466895e2 accepted_ δ ∞=2.417e-10 essian_qp_elapsed=0.001 rho_distance=2.010e0 accepted_iter=121 essian_qp_elapsed=0.001 accepted_step_inf=2.852e0 loglik=1.467999e2 accepted_ δ ∞=2.852e0 essian_qp_elapsed=0.002 accepted_step_inf=3.210e-1 essian_qp_elapsed=0.002 accepted_step_inf=1.852e-2 essian_qp_elapsed=0.001 accepted_step_inf=1.369e-3 essian_qp_elapsed=0.002 accepted_step_inf=1.041e-4 essian_qp_elapsed=0.002 accepted_step_inf=3.219e-5 essian_qp_elapsed=0.002 accepted_step_inf=1.114e-6 essian_qp_elapsed=0.001 accepted_step_inf=1.146e-7 essian_qp_elapsed=0.002 accepted_step_inf=6.963e-9 essian_qp_elapsed=0.001 accepted_step_inf=2.417e-10 loglik=1.466895e2 accepted_ δ ∞=2.417e-10 essian_qp_elapsed=0.001 rho_distance=9.794e0 essian_qp_elapsed=0.002 accepted_step_inf=1.144e1 loglik=1.401724e2 accepted_ δ ∞=1.144e1 essian_qp_elapsed=0.001 accepted_step_inf=1.291e0 essian_qp_elapsed=0.002 accepted_step_inf=3.037e0 essian_qp_elapsed=0.003 accepted_step_inf=6.551e-1 essian_qp_elapsed=0.002 accepted_step_inf=1.960e-2 essian_qp_elapsed=0.002 accepted_step_inf=2.930e-4 essian_qp_elapsed=0.002 accepted_step_inf=6.541e-5 essian_qp_elapsed=0.002 accepted_step_inf=1.134e-6 essian_qp_elapsed=0.002 accepted_step_inf=1.254e-7 essian_qp_elapsed=0.002 accepted_step_inf=4.432e-8 essian_qp_elapsed=0.002 accepted_step_inf=4.678e-9 loglik=1.390610e2 accepted_ δ ∞=4.678e-9 essian_qp_elapsed=0.001 rho_distance=9.794e0 accepted_iter=122 essian_qp_elapsed=0.002 accepted_step_inf=1.144e1 loglik=1.401724e2 accepted_ δ ∞=1.144e1 essian_qp_elapsed=0.001 accepted_step_inf=1.291e0 essian_qp_elapsed=0.002 accepted_step_inf=3.037e0 essian_qp_elapsed=0.003 accepted_step_inf=6.551e-1 essian_qp_elapsed=0.002 accepted_step_inf=1.960e-2 essian_qp_elapsed=0.002 accepted_step_inf=2.930e-4 essian_qp_elapsed=0.002 accepted_step_inf=6.541e-5 essian_qp_elapsed=0.002 accepted_step_inf=1.134e-6 essian_qp_elapsed=0.002 accepted_step_inf=1.254e-7 essian_qp_elapsed=0.002 accepted_step_inf=4.432e-8 essian_qp_elapsed=0.002 accepted_step_inf=4.678e-9 loglik=1.390610e2 accepted_ δ ∞=4.678e-9 essian_qp_elapsed=0.001 rho_distance=7.782e-1 essian_qp_elapsed=0.002 accepted_step_inf=1.139e0 loglik=1.389265e2 accepted_ δ ∞=1.139e0 essian_qp_elapsed=0.002 accepted_step_inf=3.075e-2 essian_qp_elapsed=0.002 accepted_step_inf=2.484e-3 essian_qp_elapsed=0.002 accepted_step_inf=8.727e-4 essian_qp_elapsed=0.002 accepted_step_inf=4.774e-5 essian_qp_elapsed=0.002 accepted_step_inf=6.696e-6 essian_qp_elapsed=0.002 accepted_step_inf=1.714e-7 essian_qp_elapsed=0.001 accepted_step_inf=1.077e-8 essian_qp_elapsed=0.002 accepted_step_inf=1.270e-9 loglik=1.389250e2 accepted_ δ ∞=1.270e-9 essian_qp_elapsed=0.002 accepted_step_inf=2.136e-10 loglik=1.389250e2 accepted_ δ ∞=2.136e-10 essian_qp_elapsed=0.001 rho_distance=7.782e-1 accepted_iter=123 essian_qp_elapsed=0.002 accepted_step_inf=1.139e0 loglik=1.389265e2 accepted_ δ ∞=1.139e0 essian_qp_elapsed=0.002 accepted_step_inf=3.075e-2 essian_qp_elapsed=0.002 accepted_step_inf=2.484e-3 essian_qp_elapsed=0.002 accepted_step_inf=8.727e-4 essian_qp_elapsed=0.002 accepted_step_inf=4.774e-5 essian_qp_elapsed=0.002 accepted_step_inf=6.696e-6 essian_qp_elapsed=0.002 accepted_step_inf=1.714e-7 essian_qp_elapsed=0.001 accepted_step_inf=1.077e-8 essian_qp_elapsed=0.002 accepted_step_inf=1.270e-9 loglik=1.389250e2 accepted_ δ ∞=1.270e-9 essian_qp_elapsed=0.002 accepted_step_inf=2.136e-10 loglik=1.389250e2 accepted_ δ ∞=2.136e-10 essian_qp_elapsed=0.001 rho_distance=1.322e0 essian_qp_elapsed=0.001 accepted_step_inf=1.764e0 loglik=1.389771e2 accepted_ δ ∞=1.764e0 essian_qp_elapsed=0.002 accepted_step_inf=4.234e-1 essian_qp_elapsed=0.002 accepted_step_inf=1.047e-2 essian_qp_elapsed=0.002 accepted_step_inf=1.042e-3 essian_qp_elapsed=0.002 accepted_step_inf=1.379e-4 essian_qp_elapsed=0.003 accepted_step_inf=3.555e-5 loglik=1.389643e2 accepted_ δ ∞=3.555e-5 essian_qp_elapsed=0.001 rho_distance=1.322e0 accepted_iter=124 essian_qp_elapsed=0.002 accepted_step_inf=1.764e0 loglik=1.389771e2 accepted_ δ ∞=1.764e0 essian_qp_elapsed=0.002 accepted_step_inf=4.234e-1 essian_qp_elapsed=0.002 accepted_step_inf=1.047e-2 essian_qp_elapsed=0.002 accepted_step_inf=1.042e-3 essian_qp_elapsed=0.002 accepted_step_inf=1.379e-4 essian_qp_elapsed=0.003 accepted_step_inf=3.555e-5 loglik=1.389643e2 accepted_ δ ∞=3.555e-5 essian_qp_elapsed=0.001 rho_distance=1.450e0 essian_qp_elapsed=0.001 accepted_step_inf=8.365e-1 loglik=1.392774e2 accepted_ δ ∞=8.365e-1 essian_qp_elapsed=0.001 accepted_step_inf=1.039e-1 essian_qp_elapsed=0.002 accepted_step_inf=7.701e-3 essian_qp_elapsed=0.001 accepted_step_inf=5.303e-4 essian_qp_elapsed=0.003 accepted_step_inf=3.733e-4 essian_qp_elapsed=0.002 accepted_step_inf=3.265e-9 loglik=1.392675e2 accepted_ δ ∞=3.265e-9 essian_qp_elapsed=0.002 accepted_step_inf=1.005e-10 loglik=1.392675e2 accepted_ δ ∞=1.005e-10 essian_qp_elapsed=0.001 rho_distance=1.450e0 accepted_iter=125 essian_qp_elapsed=0.001 accepted_step_inf=8.365e-1 loglik=1.392774e2 accepted_ δ ∞=8.365e-1 essian_qp_elapsed=0.001 accepted_step_inf=1.039e-1 essian_qp_elapsed=0.002 accepted_step_inf=7.701e-3 essian_qp_elapsed=0.001 accepted_step_inf=5.303e-4 essian_qp_elapsed=0.003 accepted_step_inf=3.733e-4 essian_qp_elapsed=0.002 accepted_step_inf=3.265e-9 loglik=1.392675e2 accepted_ δ ∞=3.265e-9 essian_qp_elapsed=0.002 accepted_step_inf=1.005e-10 loglik=1.392675e2 accepted_ δ ∞=1.005e-10 essian_qp_elapsed=0.001 rho_distance=2.598e0 essian_qp_elapsed=0.001 accepted_step_inf=9.026e-1 loglik=1.397852e2 accepted_ δ ∞=9.026e-1 essian_qp_elapsed=0.002 accepted_step_inf=6.513e-1 essian_qp_elapsed=0.002 accepted_step_inf=1.330e-2 essian_qp_elapsed=0.002 accepted_step_inf=4.022e-3 essian_qp_elapsed=0.003 accepted_step_inf=9.966e-5 loglik=1.397989e2 accepted_ δ ∞=9.966e-5 essian_qp_elapsed=0.002 accepted_step_inf=3.494e-10 loglik=1.397989e2 accepted_ δ ∞=3.494e-10 essian_qp_elapsed=0.001 rho_distance=2.598e0 accepted_iter=126 essian_qp_elapsed=0.001 accepted_step_inf=9.026e-1 loglik=1.397852e2 accepted_ δ ∞=9.026e-1 essian_qp_elapsed=0.002 accepted_step_inf=6.513e-1 essian_qp_elapsed=0.002 accepted_step_inf=1.330e-2 essian_qp_elapsed=0.002 accepted_step_inf=4.022e-3 essian_qp_elapsed=0.003 accepted_step_inf=9.966e-5 loglik=1.397989e2 accepted_ δ ∞=9.966e-5 essian_qp_elapsed=0.002 accepted_step_inf=3.494e-10 loglik=1.397989e2 accepted_ δ ∞=3.494e-10 essian_qp_elapsed=0.001 rho_distance=1.474e0 essian_qp_elapsed=0.001 accepted_step_inf=7.327e-1 loglik=1.400655e2 accepted_ δ ∞=7.327e-1 essian_qp_elapsed=0.002 accepted_step_inf=3.152e-1 essian_qp_elapsed=0.002 accepted_step_inf=4.033e-3 essian_qp_elapsed=0.002 accepted_step_inf=1.554e-3 essian_qp_elapsed=0.002 accepted_step_inf=3.282e-5 essian_qp_elapsed=0.002 accepted_step_inf=1.343e-5 essian_qp_elapsed=0.002 accepted_step_inf=2.132e-7 essian_qp_elapsed=0.002 accepted_step_inf=7.623e-8 essian_qp_elapsed=0.002 accepted_step_inf=8.398e-10 loglik=1.400753e2 accepted_ δ ∞=8.398e-10 essian_qp_elapsed=0.002 accepted_step_inf=2.769e-10 loglik=1.400753e2 accepted_ δ ∞=2.769e-10 essian_qp_elapsed=0.001 rho_distance=1.474e0 accepted_iter=127 essian_qp_elapsed=0.001 accepted_step_inf=7.327e-1 loglik=1.400655e2 accepted_ δ ∞=7.327e-1 essian_qp_elapsed=0.002 accepted_step_inf=3.152e-1 essian_qp_elapsed=0.002 accepted_step_inf=4.033e-3 essian_qp_elapsed=0.002 accepted_step_inf=1.554e-3 essian_qp_elapsed=0.002 accepted_step_inf=3.282e-5 essian_qp_elapsed=0.002 accepted_step_inf=1.343e-5 essian_qp_elapsed=0.002 accepted_step_inf=2.132e-7 essian_qp_elapsed=0.002 accepted_step_inf=7.623e-8 essian_qp_elapsed=0.002 accepted_step_inf=8.398e-10 loglik=1.400753e2 accepted_ δ ∞=8.398e-10 essian_qp_elapsed=0.002 accepted_step_inf=2.769e-10 loglik=1.400753e2 accepted_ δ ∞=2.769e-10 essian_qp_elapsed=0.001 rho_distance=7.462e-1 essian_qp_elapsed=0.001 accepted_step_inf=4.298e-1 loglik=1.401575e2 accepted_ δ ∞=4.298e-1 essian_qp_elapsed=0.002 accepted_step_inf=1.268e-1 essian_qp_elapsed=0.002 accepted_step_inf=4.006e-3 essian_qp_elapsed=0.003 accepted_step_inf=4.720e-4 essian_qp_elapsed=0.002 accepted_step_inf=6.555e-6 essian_qp_elapsed=0.002 accepted_step_inf=7.811e-7 essian_qp_elapsed=0.002 accepted_step_inf=2.249e-7 essian_qp_elapsed=0.002 accepted_step_inf=6.695e-9 loglik=1.401674e2 accepted_ δ ∞=6.695e-9 essian_qp_elapsed=0.002 accepted_step_inf=1.537e-9 loglik=1.401674e2 accepted_ δ ∞=1.537e-9 essian_qp_elapsed=0.001 rho_distance=7.462e-1 accepted_iter=128 essian_qp_elapsed=0.001 accepted_step_inf=4.298e-1 loglik=1.401575e2 accepted_ δ ∞=4.298e-1 essian_qp_elapsed=0.002 accepted_step_inf=1.268e-1 essian_qp_elapsed=0.002 accepted_step_inf=4.006e-3 essian_qp_elapsed=0.003 accepted_step_inf=4.720e-4 essian_qp_elapsed=0.002 accepted_step_inf=6.555e-6 essian_qp_elapsed=0.002 accepted_step_inf=7.811e-7 essian_qp_elapsed=0.002 accepted_step_inf=2.249e-7 essian_qp_elapsed=0.002 accepted_step_inf=6.695e-9 loglik=1.401674e2 accepted_ δ ∞=6.695e-9 essian_qp_elapsed=0.002 accepted_step_inf=1.537e-9 loglik=1.401674e2 accepted_ δ ∞=1.537e-9 essian_qp_elapsed=0.001 rho_distance=1.846e0 essian_qp_elapsed=0.001 accepted_step_inf=1.144e0 loglik=1.402788e2 accepted_ δ ∞=1.144e0 essian_qp_elapsed=0.002 accepted_step_inf=2.906e-1 essian_qp_elapsed=0.001 accepted_step_inf=6.118e-3 essian_qp_elapsed=0.003 accepted_step_inf=1.502e-3 essian_qp_elapsed=0.002 accepted_step_inf=8.225e-8 essian_qp_elapsed=0.002 accepted_step_inf=9.691e-10 loglik=1.403089e2 accepted_ δ ∞=9.691e-10 essian_qp_elapsed=0.002 accepted_step_inf=1.469e-10 loglik=1.403089e2 accepted_ δ ∞=1.469e-10 essian_qp_elapsed=0.001 rho_distance=1.846e0 accepted_iter=129 essian_qp_elapsed=0.001 accepted_step_inf=1.144e0 loglik=1.402788e2 accepted_ δ ∞=1.144e0 essian_qp_elapsed=0.002 accepted_step_inf=2.906e-1 essian_qp_elapsed=0.001 accepted_step_inf=6.118e-3 essian_qp_elapsed=0.003 accepted_step_inf=1.502e-3 essian_qp_elapsed=0.002 accepted_step_inf=8.225e-8 essian_qp_elapsed=0.002 accepted_step_inf=9.691e-10 loglik=1.403089e2 accepted_ δ ∞=9.691e-10 essian_qp_elapsed=0.002 accepted_step_inf=1.469e-10 loglik=1.403089e2 accepted_ δ ∞=1.469e-10 essian_qp_elapsed=0.001 rho_distance=1.032e0 essian_qp_elapsed=0.001 accepted_step_inf=5.993e-1 loglik=1.403482e2 accepted_ δ ∞=5.993e-1 essian_qp_elapsed=0.002 accepted_step_inf=7.624e-2 essian_qp_elapsed=0.002 accepted_step_inf=1.337e-2 essian_qp_elapsed=0.003 accepted_step_inf=1.712e-4 essian_qp_elapsed=0.002 accepted_step_inf=1.446e-9 loglik=1.403515e2 accepted_ δ ∞=1.446e-9 essian_qp_elapsed=0.002 accepted_step_inf=1.500e-10 loglik=1.403515e2 accepted_ δ ∞=1.500e-10 essian_qp_elapsed=0.001 rho_distance=1.032e0 accepted_iter=130 essian_qp_elapsed=0.001 accepted_step_inf=5.993e-1 loglik=1.403482e2 accepted_ δ ∞=5.993e-1 essian_qp_elapsed=0.002 accepted_step_inf=7.624e-2 essian_qp_elapsed=0.002 accepted_step_inf=1.337e-2 essian_qp_elapsed=0.003 accepted_step_inf=1.712e-4 essian_qp_elapsed=0.002 accepted_step_inf=1.446e-9 loglik=1.403515e2 accepted_ δ ∞=1.446e-9 essian_qp_elapsed=0.002 accepted_step_inf=1.500e-10 loglik=1.403515e2 accepted_ δ ∞=1.500e-10 essian_qp_elapsed=0.001 rho_distance=5.636e-1 essian_qp_elapsed=0.001 accepted_step_inf=3.022e-1 loglik=1.403716e2 accepted_ δ ∞=3.022e-1 essian_qp_elapsed=0.002 accepted_step_inf=1.869e-2 essian_qp_elapsed=0.002 accepted_step_inf=4.145e-3 essian_qp_elapsed=0.002 accepted_step_inf=1.199e-4 essian_qp_elapsed=0.002 accepted_step_inf=4.595e-5 essian_qp_elapsed=0.003 accepted_step_inf=1.777e-6 loglik=1.403732e2 accepted_ δ ∞=1.777e-6 essian_qp_elapsed=0.001 rho_distance=5.636e-1 accepted_iter=131 essian_qp_elapsed=0.001 accepted_step_inf=3.022e-1 loglik=1.403716e2 accepted_ δ ∞=3.022e-1 essian_qp_elapsed=0.002 accepted_step_inf=1.869e-2 essian_qp_elapsed=0.002 accepted_step_inf=4.145e-3 essian_qp_elapsed=0.002 accepted_step_inf=1.199e-4 essian_qp_elapsed=0.002 accepted_step_inf=4.595e-5 essian_qp_elapsed=0.003 accepted_step_inf=1.777e-6 loglik=1.403732e2 accepted_ δ ∞=1.777e-6 essian_qp_elapsed=0.001 rho_distance=6.656e-1 essian_qp_elapsed=0.002 accepted_step_inf=3.354e-1 loglik=1.404061e2 accepted_ δ ∞=3.354e-1 essian_qp_elapsed=0.002 accepted_step_inf=1.883e-2 essian_qp_elapsed=0.002 accepted_step_inf=3.767e-3 essian_qp_elapsed=0.003 accepted_step_inf=2.912e-4 essian_qp_elapsed=0.002 accepted_step_inf=3.687e-9 loglik=1.404060e2 accepted_ δ ∞=3.687e-9 essian_qp_elapsed=0.002 accepted_step_inf=7.634e-11 loglik=1.404060e2 accepted_ δ ∞=7.634e-11 essian_qp_elapsed=0.001 rho_distance=6.656e-1 accepted_iter=132 essian_qp_elapsed=0.001 accepted_step_inf=3.354e-1 loglik=1.404061e2 accepted_ δ ∞=3.354e-1 essian_qp_elapsed=0.002 accepted_step_inf=1.883e-2 essian_qp_elapsed=0.002 accepted_step_inf=3.767e-3 essian_qp_elapsed=0.003 accepted_step_inf=2.912e-4 essian_qp_elapsed=0.002 accepted_step_inf=3.687e-9 loglik=1.404060e2 accepted_ δ ∞=3.687e-9 essian_qp_elapsed=0.002 accepted_step_inf=7.634e-11 loglik=1.404060e2 accepted_ δ ∞=7.634e-11 essian_qp_elapsed=0.001 rho_distance=9.414e-1 essian_qp_elapsed=0.001 accepted_step_inf=4.321e-1 loglik=1.404619e2 accepted_ δ ∞=4.321e-1 essian_qp_elapsed=0.002 accepted_step_inf=3.022e-2 essian_qp_elapsed=0.002 accepted_step_inf=3.804e-3 essian_qp_elapsed=0.002 accepted_step_inf=3.020e-4 essian_qp_elapsed=0.003 accepted_step_inf=3.459e-5 loglik=1.404602e2 accepted_ δ ∞=3.459e-5 essian_qp_elapsed=0.001 rho_distance=9.414e-1 accepted_iter=133 essian_qp_elapsed=0.001 accepted_step_inf=4.321e-1 loglik=1.404619e2 accepted_ δ ∞=4.321e-1 essian_qp_elapsed=0.002 accepted_step_inf=3.022e-2 essian_qp_elapsed=0.002 accepted_step_inf=3.804e-3 essian_qp_elapsed=0.003 accepted_step_inf=3.020e-4 essian_qp_elapsed=0.003 accepted_step_inf=3.459e-5 loglik=1.404602e2 accepted_ δ ∞=3.459e-5 essian_qp_elapsed=0.001 rho_distance=6.449e-1 essian_qp_elapsed=0.002 accepted_step_inf=2.742e-1 loglik=1.405087e2 accepted_ δ ∞=2.742e-1 essian_qp_elapsed=0.002 accepted_step_inf=9.332e-3 essian_qp_elapsed=0.002 accepted_step_inf=7.904e-4 essian_qp_elapsed=0.003 accepted_step_inf=8.416e-5 essian_qp_elapsed=0.003 accepted_step_inf=5.124e-6 loglik=1.405103e2 accepted_ δ ∞=5.124e-6 essian_qp_elapsed=0.001 rho_distance=6.449e-1 accepted_iter=134 essian_qp_elapsed=0.002 accepted_step_inf=2.742e-1 loglik=1.405087e2 accepted_ δ ∞=2.742e-1 essian_qp_elapsed=0.002 accepted_step_inf=9.332e-3 essian_qp_elapsed=0.002 accepted_step_inf=7.904e-4 essian_qp_elapsed=0.003 accepted_step_inf=8.416e-5 essian_qp_elapsed=0.003 accepted_step_inf=5.124e-6 loglik=1.405103e2 accepted_ δ ∞=5.124e-6 essian_qp_elapsed=0.001 rho_distance=6.191e-1 essian_qp_elapsed=0.002 accepted_step_inf=2.083e-1 loglik=1.405774e2 accepted_ δ ∞=2.083e-1 essian_qp_elapsed=0.002 accepted_step_inf=1.244e-2 essian_qp_elapsed=0.002 accepted_step_inf=1.105e-3 essian_qp_elapsed=0.003 accepted_step_inf=1.886e-4 essian_qp_elapsed=0.002 accepted_step_inf=2.093e-9 loglik=1.405765e2 accepted_ δ ∞=2.093e-9 essian_qp_elapsed=0.002 accepted_step_inf=1.078e-10 loglik=1.405765e2 accepted_ δ ∞=1.078e-10 essian_qp_elapsed=0.001 rho_distance=6.191e-1 accepted_iter=135 essian_qp_elapsed=0.002 accepted_step_inf=2.083e-1 loglik=1.405774e2 accepted_ δ ∞=2.083e-1 essian_qp_elapsed=0.002 accepted_step_inf=1.244e-2 essian_qp_elapsed=0.002 accepted_step_inf=1.105e-3 essian_qp_elapsed=0.003 accepted_step_inf=1.886e-4 essian_qp_elapsed=0.002 accepted_step_inf=2.093e-9 loglik=1.405765e2 accepted_ δ ∞=2.093e-9 essian_qp_elapsed=0.002 accepted_step_inf=1.078e-10 loglik=1.405765e2 accepted_ δ ∞=1.078e-10 essian_qp_elapsed=0.001 rho_distance=5.311e-1 essian_qp_elapsed=0.002 accepted_step_inf=1.440e-1 loglik=1.406158e2 accepted_ δ ∞=1.440e-1 essian_qp_elapsed=0.002 accepted_step_inf=1.132e-2 essian_qp_elapsed=0.003 accepted_step_inf=1.635e-3 essian_qp_elapsed=0.002 accepted_step_inf=2.370e-7 essian_qp_elapsed=0.002 accepted_step_inf=1.024e-8 essian_qp_elapsed=0.003 accepted_step_inf=4.184e-10 loglik=1.406150e2 accepted_ δ ∞=4.184e-10 essian_qp_elapsed=0.001 rho_distance=5.311e-1 accepted_iter=136 essian_qp_elapsed=0.002 accepted_step_inf=1.440e-1 loglik=1.406158e2 accepted_ δ ∞=1.440e-1 essian_qp_elapsed=0.002 accepted_step_inf=1.132e-2 essian_qp_elapsed=0.003 accepted_step_inf=1.635e-3 essian_qp_elapsed=0.002 accepted_step_inf=2.370e-7 essian_qp_elapsed=0.002 accepted_step_inf=1.024e-8 essian_qp_elapsed=0.003 accepted_step_inf=4.184e-10 loglik=1.406150e2 accepted_ δ ∞=4.184e-10 essian_qp_elapsed=0.001 rho_distance=1.247e0 essian_qp_elapsed=0.001 accepted_step_inf=2.951e-1 loglik=1.406297e2 accepted_ δ ∞=2.951e-1 essian_qp_elapsed=0.002 accepted_step_inf=8.793e-2 essian_qp_elapsed=0.003 accepted_step_inf=1.198e-2 essian_qp_elapsed=0.003 accepted_step_inf=1.464e-5 loglik=1.406483e2 accepted_ δ ∞=1.464e-5 essian_qp_elapsed=0.001 rho_distance=1.247e0 accepted_iter=137 essian_qp_elapsed=0.001 accepted_step_inf=2.951e-1 loglik=1.406297e2 accepted_ δ ∞=2.951e-1 essian_qp_elapsed=0.002 accepted_step_inf=8.793e-2 essian_qp_elapsed=0.003 accepted_step_inf=1.198e-2 essian_qp_elapsed=0.003 accepted_step_inf=1.464e-5 loglik=1.406483e2 accepted_ δ ∞=1.464e-5 essian_qp_elapsed=0.001 rho_distance=3.675e0 essian_qp_elapsed=0.001 accepted_step_inf=7.478e-1 loglik=1.405904e2 accepted_ δ ∞=7.478e-1 essian_qp_elapsed=0.002 accepted_step_inf=2.190e-1 essian_qp_elapsed=0.003 accepted_step_inf=3.972e-2 essian_qp_elapsed=0.003 accepted_step_inf=9.598e-5 loglik=1.406303e2 accepted_ δ ∞=9.598e-5 essian_qp_elapsed=0.001 accepted_step_inf=5.465e-10 loglik=1.406303e2 accepted_ δ ∞=5.465e-10 essian_qp_elapsed=0.001 rho_distance=3.675e0 accepted_iter=138 essian_qp_elapsed=0.001 accepted_step_inf=7.478e-1 loglik=1.405904e2 accepted_ δ ∞=7.478e-1 essian_qp_elapsed=0.002 accepted_step_inf=2.190e-1 essian_qp_elapsed=0.003 accepted_step_inf=3.972e-2 essian_qp_elapsed=0.003 accepted_step_inf=9.598e-5 loglik=1.406303e2 accepted_ δ ∞=9.598e-5 essian_qp_elapsed=0.001 accepted_step_inf=5.465e-10 loglik=1.406303e2 accepted_ δ ∞=5.465e-10 essian_qp_elapsed=0.001 rho_distance=3.185e0 essian_qp_elapsed=0.001 accepted_step_inf=6.541e-1 loglik=1.405869e2 accepted_ δ ∞=6.541e-1 essian_qp_elapsed=0.003 accepted_step_inf=6.822e-2 essian_qp_elapsed=0.003 accepted_step_inf=2.498e-2 essian_qp_elapsed=0.003 accepted_step_inf=5.343e-5 loglik=1.405715e2 accepted_ δ ∞=5.343e-5 essian_qp_elapsed=0.001 rho_distance=3.185e0 accepted_iter=139 essian_qp_elapsed=0.001 accepted_step_inf=6.541e-1 loglik=1.405869e2 accepted_ δ ∞=6.541e-1 essian_qp_elapsed=0.003 accepted_step_inf=6.822e-2 essian_qp_elapsed=0.003 accepted_step_inf=2.498e-2 essian_qp_elapsed=0.003 accepted_step_inf=5.343e-5 loglik=1.405715e2 accepted_ δ ∞=5.343e-5 essian_qp_elapsed=0.001 rho_distance=1.467e0 essian_qp_elapsed=0.002 accepted_step_inf=2.621e-1 loglik=1.405265e2 accepted_ δ ∞=2.621e-1 essian_qp_elapsed=0.003 accepted_step_inf=4.126e-2 essian_qp_elapsed=0.003 accepted_step_inf=2.759e-2 essian_qp_elapsed=0.003 accepted_step_inf=7.184e-5 loglik=1.405169e2 accepted_ δ ∞=7.184e-5 essian_qp_elapsed=0.001 rho_distance=1.467e0 accepted_iter=140 essian_qp_elapsed=0.002 accepted_step_inf=2.621e-1 loglik=1.405265e2 accepted_ δ ∞=2.621e-1 essian_qp_elapsed=0.003 accepted_step_inf=4.126e-2 essian_qp_elapsed=0.003 accepted_step_inf=2.759e-2 essian_qp_elapsed=0.003 accepted_step_inf=7.184e-5 loglik=1.405169e2 accepted_ δ ∞=7.184e-5 essian_qp_elapsed=0.001 rho_distance=3.221e-1 essian_qp_elapsed=0.003 accepted_step_inf=6.159e-2 loglik=1.404881e2 accepted_ δ ∞=6.159e-2 essian_qp_elapsed=0.003 accepted_step_inf=3.287e-4 essian_qp_elapsed=0.003 accepted_step_inf=4.570e-9 loglik=1.404880e2 accepted_ δ ∞=4.570e-9 essian_qp_elapsed=0.001 rho_distance=3.221e-1 accepted_iter=141 essian_qp_elapsed=0.003 accepted_step_inf=6.159e-2 loglik=1.404881e2 accepted_ δ ∞=6.159e-2 essian_qp_elapsed=0.003 accepted_step_inf=3.287e-4 essian_qp_elapsed=0.003 accepted_step_inf=4.570e-9 loglik=1.404880e2 accepted_ δ ∞=4.570e-9 essian_qp_elapsed=0.001 rho_distance=2.023e-1 essian_qp_elapsed=0.003 accepted_step_inf=4.099e-2 loglik=1.404732e2 accepted_ δ ∞=4.099e-2 essian_qp_elapsed=0.003 accepted_step_inf=1.383e-4 essian_qp_elapsed=0.003 accepted_step_inf=2.004e-9 loglik=1.404732e2 accepted_ δ ∞=2.004e-9 essian_qp_elapsed=0.001 rho_distance=2.023e-1 accepted_iter=142 essian_qp_elapsed=0.003 accepted_step_inf=4.099e-2 loglik=1.404732e2 accepted_ δ ∞=4.099e-2 essian_qp_elapsed=0.003 accepted_step_inf=1.383e-4 essian_qp_elapsed=0.003 accepted_step_inf=2.004e-9 loglik=1.404732e2 accepted_ δ ∞=2.004e-9 essian_qp_elapsed=0.001 rho_distance=2.726e-1 essian_qp_elapsed=0.003 accepted_step_inf=4.694e-2 loglik=1.404668e2 accepted_ δ ∞=4.694e-2 essian_qp_elapsed=0.003 accepted_step_inf=2.042e-4 essian_qp_elapsed=0.003 accepted_step_inf=3.157e-9 loglik=1.404668e2 accepted_ δ ∞=3.157e-9 essian_qp_elapsed=0.001 rho_distance=2.726e-1 accepted_iter=143 essian_qp_elapsed=0.003 accepted_step_inf=4.694e-2 loglik=1.404668e2 accepted_ δ ∞=4.694e-2 essian_qp_elapsed=0.003 accepted_step_inf=2.042e-4 essian_qp_elapsed=0.003 accepted_step_inf=3.157e-9 loglik=1.404668e2 accepted_ δ ∞=3.157e-9 essian_qp_elapsed=0.001 rho_distance=1.696e-1 essian_qp_elapsed=0.003 accepted_step_inf=2.841e-2 loglik=1.404728e2 accepted_ δ ∞=2.841e-2 essian_qp_elapsed=0.003 accepted_step_inf=7.491e-5 loglik=1.404728e2 accepted_ δ ∞=7.491e-5 essian_qp_elapsed=0.001 rho_distance=1.696e-1 accepted_iter=144 essian_qp_elapsed=0.003 accepted_step_inf=2.841e-2 loglik=1.404728e2 accepted_ δ ∞=2.841e-2 essian_qp_elapsed=0.003 accepted_step_inf=7.491e-5 loglik=1.404728e2 accepted_ δ ∞=7.491e-5 essian_qp_elapsed=0.001 rho_distance=9.131e-2 essian_qp_elapsed=0.003 accepted_step_inf=1.753e-2 loglik=1.404813e2 accepted_ δ ∞=1.753e-2 essian_qp_elapsed=0.003 accepted_step_inf=2.532e-5 loglik=1.404813e2 accepted_ δ ∞=2.532e-5 essian_qp_elapsed=0.001 rho_distance=9.131e-2 accepted_iter=145 essian_qp_elapsed=0.003 accepted_step_inf=1.753e-2 loglik=1.404813e2 accepted_ δ ∞=1.753e-2 essian_qp_elapsed=0.003 accepted_step_inf=2.532e-5 loglik=1.404813e2 accepted_ δ ∞=2.532e-5 essian_qp_elapsed=0.001 rho_distance=1.325e-1 essian_qp_elapsed=0.003 accepted_step_inf=2.016e-2 loglik=1.404955e2 accepted_ δ ∞=2.016e-2 essian_qp_elapsed=0.003 accepted_step_inf=5.738e-5 loglik=1.404955e2 accepted_ δ ∞=5.738e-5 essian_qp_elapsed=0.001 rho_distance=1.325e-1 accepted_iter=146 essian_qp_elapsed=0.003 accepted_step_inf=2.016e-2 loglik=1.404955e2 accepted_ δ ∞=2.016e-2 essian_qp_elapsed=0.003 accepted_step_inf=5.738e-5 loglik=1.404955e2 accepted_ δ ∞=5.738e-5 essian_qp_elapsed=0.001 rho_distance=2.654e-1 essian_qp_elapsed=0.003 accepted_step_inf=4.214e-2 loglik=1.405217e2 accepted_ δ ∞=4.214e-2 essian_qp_elapsed=0.003 accepted_step_inf=2.348e-4 loglik=1.405217e2 accepted_ δ ∞=2.348e-4 essian_qp_elapsed=0.003 accepted_step_inf=2.749e-9 loglik=1.405217e2 accepted_ δ ∞=2.749e-9 essian_qp_elapsed=0.001 rho_distance=2.654e-1 accepted_iter=147 essian_qp_elapsed=0.003 accepted_step_inf=4.214e-2 loglik=1.405217e2 accepted_ δ ∞=4.214e-2 essian_qp_elapsed=0.003 accepted_step_inf=2.348e-4 loglik=1.405217e2 accepted_ δ ∞=2.348e-4 essian_qp_elapsed=0.003 accepted_step_inf=2.749e-9 loglik=1.405217e2 accepted_ δ ∞=2.749e-9 essian_qp_elapsed=0.001 rho_distance=4.095e-1 essian_qp_elapsed=0.003 accepted_step_inf=7.379e-2 loglik=1.405572e2 accepted_ δ ∞=7.379e-2 essian_qp_elapsed=0.003 accepted_step_inf=5.637e-4 essian_qp_elapsed=0.003 accepted_step_inf=1.731e-8 loglik=1.405572e2 accepted_ δ ∞=1.731e-8 essian_qp_elapsed=0.001 rho_distance=4.095e-1 accepted_iter=148 essian_qp_elapsed=0.003 accepted_step_inf=7.379e-2 loglik=1.405572e2 accepted_ δ ∞=7.379e-2 essian_qp_elapsed=0.003 accepted_step_inf=5.637e-4 essian_qp_elapsed=0.003 accepted_step_inf=1.731e-8 loglik=1.405572e2 accepted_ δ ∞=1.731e-8 essian_qp_elapsed=0.001 rho_distance=3.724e-1 essian_qp_elapsed=0.003 accepted_step_inf=7.724e-2 loglik=1.405840e2 accepted_ δ ∞=7.724e-2 essian_qp_elapsed=0.003 accepted_step_inf=4.678e-4 essian_qp_elapsed=0.003 accepted_step_inf=1.291e-8 loglik=1.405840e2 accepted_ δ ∞=1.291e-8 essian_qp_elapsed=0.001 rho_distance=3.724e-1 accepted_iter=149 essian_qp_elapsed=0.003 accepted_step_inf=7.724e-2 loglik=1.405840e2 accepted_ δ ∞=7.724e-2 essian_qp_elapsed=0.003 accepted_step_inf=4.678e-4 essian_qp_elapsed=0.003 accepted_step_inf=1.291e-8 loglik=1.405840e2 accepted_ δ ∞=1.291e-8 essian_qp_elapsed=0.001 rho_distance=1.661e-1 essian_qp_elapsed=0.003 accepted_step_inf=5.466e-2 loglik=1.405898e2 accepted_ δ ∞=5.466e-2 essian_qp_elapsed=0.003 accepted_step_inf=9.250e-5 loglik=1.405898e2 accepted_ δ ∞=9.250e-5 essian_qp_elapsed=0.001 accepted_step_inf=4.841e-10 loglik=1.405898e2 accepted_ δ ∞=4.841e-10 essian_qp_elapsed=0.001 rho_distance=1.661e-1 accepted_iter=150 essian_qp_elapsed=0.003 accepted_step_inf=5.466e-2 loglik=1.405898e2 accepted_ δ ∞=5.466e-2 essian_qp_elapsed=0.003 accepted_step_inf=9.250e-5 loglik=1.405898e2 accepted_ δ ∞=9.250e-5 essian_qp_elapsed=0.001 accepted_step_inf=4.841e-10 loglik=1.405898e2 accepted_ δ ∞=4.841e-10 essian_qp_elapsed=0.001 rho_distance=7.308e-2 essian_qp_elapsed=0.003 accepted_step_inf=2.823e-2 loglik=1.405862e2 accepted_ δ ∞=2.823e-2 essian_qp_elapsed=0.003 accepted_step_inf=3.755e-5 loglik=1.405862e2 accepted_ δ ∞=3.755e-5 essian_qp_elapsed=0.001 rho_distance=7.308e-2 accepted_iter=151 essian_qp_elapsed=0.003 accepted_step_inf=2.823e-2 loglik=1.405862e2 accepted_ δ ∞=2.823e-2 essian_qp_elapsed=0.003 accepted_step_inf=3.755e-5 loglik=1.405862e2 accepted_ δ ∞=3.755e-5 essian_qp_elapsed=0.001 rho_distance=1.359e-1 essian_qp_elapsed=0.003 accepted_step_inf=3.636e-2 loglik=1.405786e2 accepted_ δ ∞=3.636e-2 essian_qp_elapsed=0.003 accepted_step_inf=6.129e-5 loglik=1.405786e2 accepted_ δ ∞=6.129e-5 essian_qp_elapsed=0.001 rho_distance=1.359e-1 accepted_iter=152 essian_qp_elapsed=0.003 accepted_step_inf=3.636e-2 loglik=1.405786e2 accepted_ δ ∞=3.636e-2 essian_qp_elapsed=0.003 accepted_step_inf=6.129e-5 loglik=1.405786e2 accepted_ δ ∞=6.129e-5 essian_qp_elapsed=0.001 rho_distance=3.702e-1 essian_qp_elapsed=0.002 accepted_step_inf=1.022e-1 loglik=1.405673e2 accepted_ δ ∞=1.022e-1 essian_qp_elapsed=0.003 accepted_step_inf=2.857e-2 essian_qp_elapsed=0.003 accepted_step_inf=3.177e-5 loglik=1.405661e2 accepted_ δ ∞=3.177e-5 essian_qp_elapsed=0.001 rho_distance=3.702e-1 accepted_iter=153 essian_qp_elapsed=0.002 accepted_step_inf=1.022e-1 loglik=1.405673e2 accepted_ δ ∞=1.022e-1 essian_qp_elapsed=0.003 accepted_step_inf=2.857e-2 essian_qp_elapsed=0.003 accepted_step_inf=3.177e-5 loglik=1.405661e2 accepted_ δ ∞=3.177e-5 essian_qp_elapsed=0.001 rho_distance=9.127e-1 essian_qp_elapsed=0.002 accepted_step_inf=2.825e-1 loglik=1.405323e2 accepted_ δ ∞=2.825e-1 essian_qp_elapsed=0.003 accepted_step_inf=6.016e-2 essian_qp_elapsed=0.003 accepted_step_inf=1.870e-2 essian_qp_elapsed=0.003 accepted_step_inf=1.903e-3 essian_qp_elapsed=0.003 accepted_step_inf=4.773e-7 loglik=1.405439e2 accepted_ δ ∞=4.773e-7 essian_qp_elapsed=0.001 rho_distance=9.127e-1 accepted_iter=154 essian_qp_elapsed=0.002 accepted_step_inf=2.825e-1 loglik=1.405323e2 accepted_ δ ∞=2.825e-1 essian_qp_elapsed=0.003 accepted_step_inf=6.016e-2 essian_qp_elapsed=0.003 accepted_step_inf=1.870e-2 essian_qp_elapsed=0.003 accepted_step_inf=1.903e-3 essian_qp_elapsed=0.003 accepted_step_inf=4.773e-7 loglik=1.405439e2 accepted_ δ ∞=4.773e-7 essian_qp_elapsed=0.001 rho_distance=1.636e0 essian_qp_elapsed=0.003 accepted_step_inf=6.630e-1 loglik=1.405015e2 accepted_ δ ∞=6.630e-1 essian_qp_elapsed=0.003 accepted_step_inf=3.430e-3 essian_qp_elapsed=0.003 accepted_step_inf=5.188e-7 loglik=1.405012e2 accepted_ δ ∞=5.188e-7 essian_qp_elapsed=0.001 rho_distance=1.636e0 accepted_iter=155 essian_qp_elapsed=0.003 accepted_step_inf=6.630e-1 loglik=1.405015e2 accepted_ δ ∞=6.630e-1 essian_qp_elapsed=0.003 accepted_step_inf=3.430e-3 essian_qp_elapsed=0.003 accepted_step_inf=5.188e-7 loglik=1.405012e2 accepted_ δ ∞=5.188e-7 essian_qp_elapsed=0.001 rho_distance=9.648e-1 essian_qp_elapsed=0.003 accepted_step_inf=3.838e-1 loglik=1.404791e2 accepted_ δ ∞=3.838e-1 essian_qp_elapsed=0.003 accepted_step_inf=1.205e-3 essian_qp_elapsed=0.003 accepted_step_inf=6.762e-8 loglik=1.404789e2 accepted_ δ ∞=6.762e-8 essian_qp_elapsed=0.001 rho_distance=9.648e-1 accepted_iter=156 essian_qp_elapsed=0.003 accepted_step_inf=3.838e-1 loglik=1.404791e2 accepted_ δ ∞=3.838e-1 essian_qp_elapsed=0.003 accepted_step_inf=1.205e-3 essian_qp_elapsed=0.003 accepted_step_inf=6.762e-8 loglik=1.404789e2 accepted_ δ ∞=6.762e-8 essian_qp_elapsed=0.001 rho_distance=2.340e-1 essian_qp_elapsed=0.003 accepted_step_inf=1.596e-1 loglik=1.404886e2 accepted_ δ ∞=1.596e-1 essian_qp_elapsed=0.002 accepted_step_inf=4.239e-4 essian_qp_elapsed=0.003 accepted_step_inf=5.126e-5 loglik=1.404886e2 accepted_ δ ∞=5.126e-5 essian_qp_elapsed=0.001 rho_distance=2.340e-1 accepted_iter=157 essian_qp_elapsed=0.003 accepted_step_inf=1.596e-1 loglik=1.404886e2 accepted_ δ ∞=1.596e-1 essian_qp_elapsed=0.003 accepted_step_inf=4.239e-4 essian_qp_elapsed=0.003 accepted_step_inf=5.126e-5 loglik=1.404886e2 accepted_ δ ∞=5.126e-5 essian_qp_elapsed=0.001 rho_distance=3.307e-1 essian_qp_elapsed=0.003 accepted_step_inf=1.876e-1 loglik=1.404772e2 accepted_ δ ∞=1.876e-1 essian_qp_elapsed=0.003 accepted_step_inf=5.582e-4 loglik=1.404772e2 accepted_ δ ∞=5.582e-4 essian_qp_elapsed=0.003 accepted_step_inf=1.520e-8 loglik=1.404772e2 accepted_ δ ∞=1.520e-8 essian_qp_elapsed=0.001 rho_distance=3.307e-1 accepted_iter=158 essian_qp_elapsed=0.003 accepted_step_inf=1.876e-1 loglik=1.404772e2 accepted_ δ ∞=1.876e-1 essian_qp_elapsed=0.003 accepted_step_inf=5.582e-4 loglik=1.404772e2 accepted_ δ ∞=5.582e-4 essian_qp_elapsed=0.003 accepted_step_inf=1.520e-8 loglik=1.404772e2 accepted_ δ ∞=1.520e-8 essian_qp_elapsed=0.001 rho_distance=1.360e-1 essian_qp_elapsed=0.003 accepted_step_inf=9.339e-2 loglik=1.404624e2 accepted_ δ ∞=9.339e-2 essian_qp_elapsed=0.003 accepted_step_inf=7.624e-5 loglik=1.404624e2 accepted_ δ ∞=7.624e-5 essian_qp_elapsed=0.001 rho_distance=1.360e-1 accepted_iter=159 essian_qp_elapsed=0.003 accepted_step_inf=9.339e-2 loglik=1.404624e2 accepted_ δ ∞=9.339e-2 essian_qp_elapsed=0.003 accepted_step_inf=7.624e-5 loglik=1.404624e2 accepted_ δ ∞=7.624e-5 essian_qp_elapsed=0.001 rho_distance=5.321e-1 essian_qp_elapsed=0.003 accepted_step_inf=3.798e-1 loglik=1.403741e2 accepted_ δ ∞=3.798e-1 essian_qp_elapsed=0.003 accepted_step_inf=1.238e-3 essian_qp_elapsed=0.003 accepted_step_inf=7.521e-8 loglik=1.403737e2 accepted_ δ ∞=7.521e-8 essian_qp_elapsed=0.001 rho_distance=5.321e-1 accepted_iter=160 essian_qp_elapsed=0.003 accepted_step_inf=3.798e-1 loglik=1.403741e2 accepted_ δ ∞=3.798e-1 essian_qp_elapsed=0.003 accepted_step_inf=1.238e-3 essian_qp_elapsed=0.003 accepted_step_inf=7.521e-8 loglik=1.403737e2 accepted_ δ ∞=7.521e-8 essian_qp_elapsed=0.001 rho_distance=2.291e-1 essian_qp_elapsed=0.003 accepted_step_inf=9.902e-2 loglik=1.403066e2 accepted_ δ ∞=9.902e-2 essian_qp_elapsed=0.003 accepted_step_inf=6.669e-4 loglik=1.403064e2 accepted_ δ ∞=6.669e-4 essian_qp_elapsed=0.003 accepted_step_inf=2.320e-8 loglik=1.403064e2 accepted_ δ ∞=2.320e-8 essian_qp_elapsed=0.001 rho_distance=2.291e-1 accepted_iter=161 essian_qp_elapsed=0.003 accepted_step_inf=9.902e-2 loglik=1.403066e2 accepted_ δ ∞=9.902e-2 essian_qp_elapsed=0.003 accepted_step_inf=6.669e-4 loglik=1.403064e2 accepted_ δ ∞=6.669e-4 essian_qp_elapsed=0.003 accepted_step_inf=2.320e-8 loglik=1.403064e2 accepted_ δ ∞=2.320e-8 essian_qp_elapsed=0.001 rho_distance=1.703e-1 essian_qp_elapsed=0.003 accepted_step_inf=4.839e-2 loglik=1.402584e2 accepted_ δ ∞=4.839e-2 essian_qp_elapsed=0.003 accepted_step_inf=4.306e-4 loglik=1.402583e2 accepted_ δ ∞=4.306e-4 essian_qp_elapsed=0.003 accepted_step_inf=7.969e-9 loglik=1.402583e2 accepted_ δ ∞=7.969e-9 essian_qp_elapsed=0.001 rho_distance=1.703e-1 accepted_iter=162 essian_qp_elapsed=0.003 accepted_step_inf=4.839e-2 loglik=1.402584e2 accepted_ δ ∞=4.839e-2 essian_qp_elapsed=0.003 accepted_step_inf=4.306e-4 loglik=1.402583e2 accepted_ δ ∞=4.306e-4 essian_qp_elapsed=0.003 accepted_step_inf=7.969e-9 loglik=1.402583e2 accepted_ δ ∞=7.969e-9 essian_qp_elapsed=0.001 rho_distance=4.879e-2 essian_qp_elapsed=0.003 accepted_step_inf=2.946e-2 loglik=1.402558e2 accepted_ δ ∞=2.946e-2 essian_qp_elapsed=0.003 accepted_step_inf=1.949e-5 loglik=1.402557e2 accepted_ δ ∞=1.949e-5 essian_qp_elapsed=0.001 rho_distance=4.879e-2 essian_qp_elapsed=0.003 accepted_step_inf=2.946e-2 loglik=1.402558e2 accepted_ δ ∞=2.946e-2 essian_qp_elapsed=0.003 accepted_step_inf=1.949e-5 loglik=1.402557e2 accepted_ δ ∞=1.949e-5 essian_qp_elapsed=0.001 rho_distance=4.584e-2 essian_qp_elapsed=0.003 accepted_step_inf=9.473e-3 loglik=1.402564e2 accepted_ δ ∞=9.473e-3 essian_qp_elapsed=0.003 accepted_step_inf=4.014e-6 loglik=1.402564e2 accepted_ δ ∞=4.014e-6 essian_qp_elapsed=0.001 rho_distance=4.584e-2 essian_qp_elapsed=0.003 accepted_step_inf=9.473e-3 loglik=1.402564e2 accepted_ δ ∞=9.473e-3 essian_qp_elapsed=0.003 accepted_step_inf=4.014e-6 loglik=1.402564e2 accepted_ δ ∞=4.014e-6 essian_qp_elapsed=0.001 rho_distance=2.237e-1 essian_qp_elapsed=0.003 accepted_step_inf=2.329e-2 loglik=1.402619e2 accepted_ δ ∞=2.329e-2 essian_qp_elapsed=0.003 accepted_step_inf=2.088e-5 loglik=1.402619e2 accepted_ δ ∞=2.088e-5 essian_qp_elapsed=0.001 rho_distance=2.237e-1 essian_qp_elapsed=0.003 accepted_step_inf=2.329e-2 loglik=1.402619e2 accepted_ δ ∞=2.329e-2 essian_qp_elapsed=0.003 accepted_step_inf=2.088e-5 loglik=1.402619e2 accepted_ δ ∞=2.088e-5 essian_qp_elapsed=0.001 rho_distance=5.480e-1 essian_qp_elapsed=0.003 accepted_step_inf=5.210e-2 loglik=1.402712e2 accepted_ δ ∞=5.210e-2 essian_qp_elapsed=0.003 accepted_step_inf=3.872e-5 loglik=1.402711e2 accepted_ δ ∞=3.872e-5 essian_qp_elapsed=0.001 rho_distance=5.480e-1 essian_qp_elapsed=0.003 accepted_step_inf=5.210e-2 loglik=1.402712e2 accepted_ δ ∞=5.210e-2 essian_qp_elapsed=0.003 accepted_step_inf=3.872e-5 loglik=1.402711e2 accepted_ δ ∞=3.872e-5 essian_qp_elapsed=0.001 rho_distance=4.879e-1 essian_qp_elapsed=0.002 accepted_step_inf=2.525e-2 loglik=1.402814e2 accepted_ δ ∞=2.525e-2 essian_qp_elapsed=0.003 accepted_step_inf=2.062e-2 essian_qp_elapsed=0.003 accepted_step_inf=3.693e-3 essian_qp_elapsed=0.003 accepted_step_inf=1.385e-6 loglik=1.402791e2 accepted_ δ ∞=1.385e-6 essian_qp_elapsed=0.001 rho_distance=4.879e-1 essian_qp_elapsed=0.002 accepted_step_inf=2.525e-2 loglik=1.402814e2 accepted_ δ ∞=2.525e-2 essian_qp_elapsed=0.003 accepted_step_inf=2.062e-2 essian_qp_elapsed=0.003 accepted_step_inf=3.693e-3 essian_qp_elapsed=0.003 accepted_step_inf=1.385e-6 loglik=1.402791e2 accepted_ δ ∞=1.385e-6 essian_qp_elapsed=0.001 rho_distance=4.879e-1 essian_qp_elapsed=0.002 accepted_step_inf=4.945e-2 loglik=1.402913e2 accepted_ δ ∞=4.945e-2 essian_qp_elapsed=0.003 accepted_step_inf=4.028e-2 essian_qp_elapsed=0.003 accepted_step_inf=5.836e-3 essian_qp_elapsed=0.003 accepted_step_inf=4.906e-3 essian_qp_elapsed=0.003 accepted_step_inf=2.255e-6 loglik=1.402871e2 accepted_ δ ∞=2.255e-6 essian_qp_elapsed=0.001 rho_distance=4.879e-1 essian_qp_elapsed=0.002 accepted_step_inf=4.945e-2 loglik=1.402913e2 accepted_ δ ∞=4.945e-2 essian_qp_elapsed=0.003 accepted_step_inf=4.028e-2 essian_qp_elapsed=0.003 accepted_step_inf=5.836e-3 essian_qp_elapsed=0.003 accepted_step_inf=4.906e-3 essian_qp_elapsed=0.003 accepted_step_inf=2.255e-6 loglik=1.402871e2 accepted_ δ ∞=2.255e-6 essian_qp_elapsed=0.001 rho_distance=1.149e0 essian_qp_elapsed=0.002 accepted_step_inf=5.861e-2 loglik=1.403018e2 accepted_ δ ∞=5.861e-2 essian_qp_elapsed=0.003 accepted_step_inf=5.011e-2 essian_qp_elapsed=0.003 accepted_step_inf=5.327e-3 essian_qp_elapsed=0.003 accepted_step_inf=8.292e-3 essian_qp_elapsed=0.003 accepted_step_inf=5.919e-6 loglik=1.402955e2 accepted_ δ ∞=5.919e-6 essian_qp_elapsed=0.001 rho_distance=1.149e0 essian_qp_elapsed=0.002 accepted_step_inf=5.861e-2 loglik=1.403018e2 accepted_ δ ∞=5.861e-2 essian_qp_elapsed=0.003 accepted_step_inf=5.011e-2 essian_qp_elapsed=0.003 accepted_step_inf=5.327e-3 essian_qp_elapsed=0.003 accepted_step_inf=8.292e-3 essian_qp_elapsed=0.003 accepted_step_inf=5.919e-6 loglik=1.402955e2 accepted_ δ ∞=5.919e-6 essian_qp_elapsed=0.001 rho_distance=5.227e0 essian_qp_elapsed=0.002 accepted_step_inf=1.597e-1 loglik=1.403522e2 accepted_ δ ∞=1.597e-1 essian_qp_elapsed=0.003 accepted_step_inf=1.536e-1 essian_qp_elapsed=0.003 accepted_step_inf=3.656e-2 essian_qp_elapsed=0.003 accepted_step_inf=9.207e-3 essian_qp_elapsed=0.003 accepted_step_inf=3.637e-3 loglik=1.403599e2 accepted_ δ ∞=3.637e-3 essian_qp_elapsed=0.001 rho_distance=5.227e0 essian_qp_elapsed=0.002 accepted_step_inf=1.597e-1 loglik=1.403522e2 accepted_ δ ∞=1.597e-1 essian_qp_elapsed=0.003 accepted_step_inf=1.536e-1 essian_qp_elapsed=0.003 accepted_step_inf=3.656e-2 essian_qp_elapsed=0.003 accepted_step_inf=9.207e-3 essian_qp_elapsed=0.003 accepted_step_inf=3.637e-3 loglik=1.403599e2 accepted_ δ ∞=3.637e-3 essian_qp_elapsed=0.001 rho_distance=4.242e0 essian_qp_elapsed=0.002 accepted_step_inf=9.005e-2 loglik=1.403868e2 accepted_ δ ∞=9.005e-2 essian_qp_elapsed=0.003 accepted_step_inf=1.352e-1 essian_qp_elapsed=0.003 accepted_step_inf=7.737e-2 essian_qp_elapsed=0.003 accepted_step_inf=3.219e-3 essian_qp_elapsed=0.003 accepted_step_inf=5.147e-3 essian_qp_elapsed=0.003 accepted_step_inf=2.948e-3 loglik=1.403668e2 accepted_ δ ∞=2.948e-3 essian_qp_elapsed=0.001 rho_distance=4.242e0 essian_qp_elapsed=0.002 accepted_step_inf=9.005e-2 loglik=1.403868e2 accepted_ δ ∞=9.005e-2 essian_qp_elapsed=0.003 accepted_step_inf=1.352e-1 essian_qp_elapsed=0.003 accepted_step_inf=7.737e-2 essian_qp_elapsed=0.003 accepted_step_inf=3.219e-3 essian_qp_elapsed=0.003 accepted_step_inf=5.147e-3 essian_qp_elapsed=0.003 accepted_step_inf=2.948e-3 loglik=1.403668e2 accepted_ δ ∞=2.948e-3 essian_qp_elapsed=0.001 rho_distance=4.910e0 essian_qp_elapsed=0.003 accepted_step_inf=1.151e-1 loglik=1.403948e2 accepted_ δ ∞=1.151e-1 essian_qp_elapsed=0.003 accepted_step_inf=2.240e-4 loglik=1.403948e2 accepted_ δ ∞=2.240e-4 essian_qp_elapsed=0.001 rho_distance=4.910e0 essian_qp_elapsed=0.003 accepted_step_inf=1.151e-1 loglik=1.403948e2 accepted_ δ ∞=1.151e-1 essian_qp_elapsed=0.003 accepted_step_inf=2.240e-4 loglik=1.403948e2 accepted_ δ ∞=2.240e-4 essian_qp_elapsed=0.001 rho_distance=3.742e0 essian_qp_elapsed=0.003 accepted_step_inf=7.527e-2 loglik=1.403789e2 accepted_ δ ∞=7.527e-2 essian_qp_elapsed=0.003 accepted_step_inf=1.843e-4 loglik=1.403789e2 accepted_ δ ∞=1.843e-4 essian_qp_elapsed=0.001 rho_distance=3.742e0 essian_qp_elapsed=0.003 accepted_step_inf=7.527e-2 loglik=1.403789e2 accepted_ δ ∞=7.527e-2 essian_qp_elapsed=0.003 accepted_step_inf=1.843e-4 loglik=1.403789e2 accepted_ δ ∞=1.843e-4 essian_qp_elapsed=0.001 rho_distance=2.081e0 essian_qp_elapsed=0.003 accepted_step_inf=1.889e-2 loglik=1.403871e2 accepted_ δ ∞=1.889e-2 essian_qp_elapsed=0.001 essian_qp_elapsed=0.001 rho_distance=2.081e0 essian_qp_elapsed=0.003 accepted_step_inf=1.889e-2 loglik=1.403871e2 accepted_ δ ∞=1.889e-2 essian_qp_elapsed=0.001 essian_qp_elapsed=0.001 rho_distance=1.279e0 essian_qp_elapsed=0.003 accepted_step_inf=9.418e-3 loglik=1.403834e2 accepted_ δ ∞=9.418e-3 essian_qp_elapsed=0.001 rho_distance=1.279e0 essian_qp_elapsed=0.003 accepted_step_inf=9.418e-3 loglik=1.403834e2 accepted_ δ ∞=9.418e-3 essian_qp_elapsed=0.001 essian_qp_elapsed=0.003 accepted_step_inf=1.555e1 loglik=1.529646e2 accepted_ δ ∞=1.555e1 essian_qp_elapsed=0.003 accepted_step_inf=6.028e0 essian_qp_elapsed=0.003 accepted_step_inf=5.715e0 essian_qp_elapsed=0.003 accepted_step_inf=2.841e0 essian_qp_elapsed=0.003 accepted_step_inf=4.458e-1 essian_qp_elapsed=0.003 accepted_step_inf=9.421e-3 loglik=1.403834e2 accepted_ δ ∞=9.421e-3 essian_qp_elapsed=0.001 essian_qp_elapsed=0.002 accepted_step_inf=1.555e1 loglik=1.529646e2 accepted_ δ ∞=1.555e1 essian_qp_elapsed=0.003 accepted_step_inf=6.028e0 essian_qp_elapsed=0.003 accepted_step_inf=5.715e0 essian_qp_elapsed=0.003 accepted_step_inf=2.841e0 essian_qp_elapsed=0.003 accepted_step_inf=4.458e-1 essian_qp_elapsed=0.003 accepted_step_inf=9.421e-3 loglik=1.403834e2 accepted_ δ ∞=9.421e-3 essian_qp_elapsed=0.001 essian_qp_elapsed=0.003 accepted_step_inf=1.555e1 loglik=1.529646e2 accepted_ δ ∞=1.555e1 essian_qp_elapsed=0.003 accepted_step_inf=6.028e0 essian_qp_elapsed=0.003 accepted_step_inf=5.715e0 essian_qp_elapsed=0.003 accepted_step_inf=2.841e0 essian_qp_elapsed=0.003 accepted_step_inf=4.458e-1 essian_qp_elapsed=0.003 accepted_step_inf=9.421e-3 loglik=1.403834e2 accepted_ δ ∞=9.421e-3 essian_qp_elapsed=0.001 essian_qp_elapsed=0.003 accepted_step_inf=1.555e1 loglik=1.529646e2 accepted_ δ ∞=1.555e1 essian_qp_elapsed=0.003 accepted_step_inf=6.028e0 essian_qp_elapsed=0.003 accepted_step_inf=5.715e0 essian_qp_elapsed=0.003 accepted_step_inf=2.841e0 essian_qp_elapsed=0.003 accepted_step_inf=4.458e-1 essian_qp_elapsed=0.003 accepted_step_inf=9.421e-3 loglik=1.403834e2 accepted_ δ ∞=9.421e-3 essian_qp_elapsed=0.001 essian_qp_elapsed=0.003 accepted_step_inf=1.555e1 loglik=1.529646e2 accepted_ δ ∞=1.555e1 essian_qp_elapsed=0.003 accepted_step_inf=6.028e0 essian_qp_elapsed=0.003 accepted_step_inf=5.715e0 essian_qp_elapsed=0.003 accepted_step_inf=2.841e0 essian_qp_elapsed=0.003 accepted_step_inf=4.458e-1 essian_qp_elapsed=0.003 accepted_step_inf=9.421e-3 loglik=1.403834e2 accepted_ δ ∞=9.421e-3 essian_qp_elapsed=0.001 essian_qp_elapsed=0.003 accepted_step_inf=1.555e1 loglik=1.529646e2 accepted_ δ ∞=1.555e1 essian_qp_elapsed=0.003 accepted_step_inf=6.028e0 essian_qp_elapsed=0.003 accepted_step_inf=5.715e0 essian_qp_elapsed=0.003 accepted_step_inf=2.841e0 essian_qp_elapsed=0.003 accepted_step_inf=4.458e-1 essian_qp_elapsed=0.003 accepted_step_inf=9.421e-3 loglik=1.403834e2 accepted_ δ ∞=9.421e-3 essian_qp_elapsed=0.001 rho_dimension=27 essian_qp_elapsed=0.003 accepted_step_inf=4.099e-6 loglik=1.403834e2 accepted_ δ ∞=4.099e-6 essian_qp_elapsed=0.001 ess=0.000000 loglik=-140.38335942582762 essian_qp_elapsed=0.004 accepted_step_inf=2.250e0 loglik=1.408310e2 accepted_ δ ∞=2.250e0 essian_qp_elapsed=0.001 accepted_step_inf=3.930e-1 essian_qp_elapsed=0.001 accepted_step_inf=1.068e-1 essian_qp_elapsed=0.002 accepted_step_inf=4.411e-2 loglik=1.409119e2 accepted_ δ ∞=4.411e-2 essian_qp_elapsed=0.002 accepted_step_inf=8.718e-5 loglik=1.409119e2 accepted_ δ ∞=8.718e-5 essian_qp_elapsed=0.002 ess=1.000000 loglik=-140.91191522383906 essian_qp_elapsed=0.002 accepted_step_inf=3.812e-10 loglik=1.409119e2 accepted_ δ ∞=3.812e-10 essian_qp_elapsed=0.002 essian_qp_elapsed=0.003 accepted_step_inf=4.099e-6 loglik=1.403834e2 accepted_ δ ∞=4.099e-6 essian_qp_elapsed=0.001 ess=0.000000 loglik=-140.38335942582762 essian_qp_elapsed=0.002 accepted_step_inf=1.250e0 loglik=1.405704e2 accepted_ δ ∞=1.250e0 essian_qp_elapsed=0.001 accepted_step_inf=1.262e-1 essian_qp_elapsed=0.002 accepted_step_inf=2.377e-2 loglik=1.405839e2 accepted_ δ ∞=2.377e-2 essian_qp_elapsed=0.001 accepted_step_inf=2.530e-5 loglik=1.405839e2 accepted_ δ ∞=2.530e-5 essian_qp_elapsed=0.001 ess=0.500000 loglik=-140.58385289672566 essian_qp_elapsed=0.002 accepted_step_inf=1.055e0 loglik=1.408582e2 accepted_ δ ∞=1.055e0 essian_qp_elapsed=0.001 accepted_step_inf=2.427e-1 essian_qp_elapsed=0.001 accepted_step_inf=6.805e-2 essian_qp_elapsed=0.002 accepted_step_inf=2.835e-2 loglik=1.409119e2 accepted_ δ ∞=2.835e-2 essian_qp_elapsed=0.001 accepted_step_inf=3.600e-5 loglik=1.409119e2 accepted_ δ ∞=3.600e-5 essian_qp_elapsed=0.002 ess=1.000000 loglik=-140.91191522357167 essian_qp_elapsed=0.002 accepted_step_inf=2.723e-9 loglik=1.409119e2 accepted_ δ ∞=2.723e-9 essian_qp_elapsed=0.002 essian_qp_elapsed=0.003 accepted_step_inf=4.099e-6 loglik=1.403834e2 accepted_ δ ∞=4.099e-6 essian_qp_elapsed=0.001 ess=0.000000 loglik=-140.38335942582762 essian_qp_elapsed=0.002 accepted_step_inf=6.617e-1 loglik=1.404654e2 accepted_ δ ∞=6.617e-1 essian_qp_elapsed=0.002 accepted_step_inf=3.971e-2 loglik=1.404678e2 accepted_ δ ∞=3.971e-2 essian_qp_elapsed=0.002 accepted_step_inf=7.108e-5 loglik=1.404677e2 accepted_ δ ∞=7.108e-5 essian_qp_elapsed=0.002 ess=0.250000 loglik=-140.46774721942336 essian_qp_elapsed=0.002 accepted_step_inf=6.043e-1 loglik=1.405749e2 accepted_ δ ∞=6.043e-1 essian_qp_elapsed=0.001 accepted_step_inf=7.905e-2 essian_qp_elapsed=0.002 accepted_step_inf=1.512e-2 loglik=1.405839e2 accepted_ δ ∞=1.512e-2 essian_qp_elapsed=0.001 ess=0.500000 loglik=-140.58385419168394 essian_qp_elapsed=0.002 accepted_step_inf=5.546e-1 loglik=1.407134e2 accepted_ δ ∞=5.546e-1 essian_qp_elapsed=0.001 accepted_step_inf=1.100e-1 essian_qp_elapsed=0.002 accepted_step_inf=3.250e-2 loglik=1.407318e2 accepted_ δ ∞=3.250e-2 essian_qp_elapsed=0.002 accepted_step_inf=3.283e-5 loglik=1.407318e2 accepted_ δ ∞=3.283e-5 essian_qp_elapsed=0.002 ess=0.750000 loglik=-140.73181087972196 essian_qp_elapsed=0.002 accepted_step_inf=5.110e-1 loglik=1.408815e2 accepted_ δ ∞=5.110e-1 essian_qp_elapsed=0.001 accepted_step_inf=1.325e-1 essian_qp_elapsed=0.002 accepted_step_inf=5.412e-2 loglik=1.409119e2 accepted_ δ ∞=5.412e-2 essian_qp_elapsed=0.002 accepted_step_inf=1.324e-4 loglik=1.409119e2 accepted_ δ ∞=1.324e-4 essian_qp_elapsed=0.001 ess=1.000000 loglik=-140.91191522392234 essian_qp_elapsed=0.002 accepted_step_inf=6.734e-10 loglik=1.409119e2 accepted_ δ ∞=6.734e-10 essian_qp_elapsed=0.002 essian_qp_elapsed=0.002 accepted_step_inf=5.022e-1 loglik=1.413958e2 accepted_ δ ∞=5.022e-1 essian_qp_elapsed=0.001 accepted_step_inf=6.838e-2 essian_qp_elapsed=0.002 accepted_step_inf=3.004e-2 loglik=1.414249e2 accepted_ δ ∞=3.004e-2 essian_qp_elapsed=0.002 accepted_step_inf=4.335e-5 loglik=1.414249e2 accepted_ δ ∞=4.335e-5 essian_qp_elapsed=0.001 essian_qp_elapsed=0.002 accepted_step_inf=2.245e-1 loglik=1.411203e2 accepted_ δ ∞=2.245e-1 essian_qp_elapsed=0.001 accepted_step_inf=3.485e-2 essian_qp_elapsed=0.002 accepted_step_inf=1.536e-2 loglik=1.411372e2 accepted_ δ ∞=1.536e-2 essian_qp_elapsed=0.002 accepted_iter=0 essian_qp_elapsed=0.002 accepted_step_inf=2.245e-1 loglik=1.411203e2 accepted_ δ ∞=2.245e-1 essian_qp_elapsed=0.001 accepted_step_inf=3.485e-2 essian_qp_elapsed=0.002 accepted_step_inf=1.536e-2 loglik=1.411372e2 accepted_ δ ∞=1.536e-2 essian_qp_elapsed=0.001 rho_distance=3.904e-1 essian_qp_elapsed=0.002 accepted_step_inf=1.575e-1 loglik=1.411163e2 accepted_ δ ∞=1.575e-1 essian_qp_elapsed=0.002 accepted_step_inf=3.450e-2 loglik=1.411181e2 accepted_ δ ∞=3.450e-2 essian_qp_elapsed=0.002 accepted_step_inf=4.155e-5 loglik=1.411181e2 accepted_ δ ∞=4.155e-5 essian_qp_elapsed=0.002 rho_distance=3.904e-1 accepted_iter=1 essian_qp_elapsed=0.002 accepted_step_inf=1.575e-1 loglik=1.411163e2 accepted_ δ ∞=1.575e-1 essian_qp_elapsed=0.002 accepted_step_inf=3.450e-2 loglik=1.411181e2 accepted_ δ ∞=3.450e-2 essian_qp_elapsed=0.002 accepted_step_inf=4.155e-5 loglik=1.411181e2 accepted_ δ ∞=4.155e-5 essian_qp_elapsed=0.002 rho_distance=2.358e-1 essian_qp_elapsed=0.002 accepted_step_inf=1.048e-1 loglik=1.410983e2 accepted_ δ ∞=1.048e-1 essian_qp_elapsed=0.002 accepted_step_inf=7.970e-3 loglik=1.410975e2 accepted_ δ ∞=7.970e-3 essian_qp_elapsed=0.002 rho_distance=2.358e-1 accepted_iter=2 essian_qp_elapsed=0.002 accepted_step_inf=1.048e-1 loglik=1.410983e2 accepted_ δ ∞=1.048e-1 essian_qp_elapsed=0.002 accepted_step_inf=7.970e-3 loglik=1.410975e2 accepted_ δ ∞=7.970e-3 essian_qp_elapsed=0.002 rho_distance=1.452e-1 essian_qp_elapsed=0.002 accepted_step_inf=5.014e-2 loglik=1.410889e2 accepted_ δ ∞=5.014e-2 essian_qp_elapsed=0.002 accepted_step_inf=1.612e-2 loglik=1.410867e2 accepted_ δ ∞=1.612e-2 essian_qp_elapsed=0.001 rho_distance=1.452e-1 accepted_iter=3 essian_qp_elapsed=0.002 accepted_step_inf=5.014e-2 loglik=1.410889e2 accepted_ δ ∞=5.014e-2 essian_qp_elapsed=0.002 accepted_step_inf=1.612e-2 loglik=1.410867e2 accepted_ δ ∞=1.612e-2 essian_qp_elapsed=0.002 rho_distance=1.184e-1 essian_qp_elapsed=0.002 accepted_step_inf=3.780e-2 loglik=1.411035e2 accepted_ δ ∞=3.780e-2 essian_qp_elapsed=0.002 accepted_step_inf=1.298e-2 loglik=1.411057e2 accepted_ δ ∞=1.298e-2 essian_qp_elapsed=0.001 rho_distance=1.184e-1 rho_distance=5.918e-2 essian_qp_elapsed=0.002 accepted_step_inf=1.870e-2 loglik=1.410947e2 accepted_ δ ∞=1.870e-2 essian_qp_elapsed=0.002 accepted_step_inf=6.458e-3 loglik=1.410958e2 accepted_ δ ∞=6.458e-3 essian_qp_elapsed=0.002 rho_distance=5.918e-2 accepted_iter=4 essian_qp_elapsed=0.002 accepted_step_inf=1.870e-2 loglik=1.410947e2 accepted_ δ ∞=1.870e-2 essian_qp_elapsed=0.002 accepted_step_inf=6.458e-3 loglik=1.410958e2 accepted_ δ ∞=6.458e-3 essian_qp_elapsed=0.002 rho_distance=8.611e-2 essian_qp_elapsed=0.002 accepted_step_inf=2.318e-2 loglik=1.411055e2 accepted_ δ ∞=2.318e-2 essian_qp_elapsed=0.002 accepted_step_inf=5.469e-3 loglik=1.411066e2 accepted_ δ ∞=5.469e-3 essian_qp_elapsed=0.002 rho_distance=8.611e-2 accepted_iter=5 essian_qp_elapsed=0.002 accepted_step_inf=2.318e-2 loglik=1.411055e2 accepted_ δ ∞=2.318e-2 essian_qp_elapsed=0.002 accepted_step_inf=5.469e-3 loglik=1.411066e2 accepted_ δ ∞=5.469e-3 essian_qp_elapsed=0.001 rho_distance=4.151e-2 essian_qp_elapsed=0.002 accepted_step_inf=1.215e-2 loglik=1.411008e2 accepted_ δ ∞=1.215e-2 essian_qp_elapsed=0.002 accepted_step_inf=2.798e-3 loglik=1.411013e2 accepted_ δ ∞=2.798e-3 essian_qp_elapsed=0.001 rho_distance=4.151e-2 accepted_iter=5 essian_qp_elapsed=0.002 accepted_step_inf=1.215e-2 loglik=1.411008e2 accepted_ δ ∞=1.215e-2 essian_qp_elapsed=0.002 accepted_step_inf=2.798e-3 loglik=1.411013e2 accepted_ δ ∞=2.798e-3 essian_qp_elapsed=0.002 rho_distance=1.307e-2 essian_qp_elapsed=0.002 accepted_step_inf=3.937e-3 loglik=1.410993e2 accepted_ δ ∞=3.937e-3 essian_qp_elapsed=0.002 accepted_step_inf=4.178e-4 loglik=1.410992e2 accepted_ δ ∞=4.178e-4 essian_qp_elapsed=0.001 rho_distance=1.307e-2 accepted_iter=6 essian_qp_elapsed=0.002 accepted_step_inf=3.937e-3 loglik=1.410993e2 accepted_ δ ∞=3.937e-3 essian_qp_elapsed=0.002 accepted_step_inf=4.178e-4 loglik=1.410992e2 accepted_ δ ∞=4.178e-4 essian_qp_elapsed=0.001 essian_qp_elapsed=0.002 accepted_step_inf=2.330e-1 loglik=1.410808e2 accepted_ δ ∞=2.330e-1 essian_qp_elapsed=0.001 accepted_step_inf=5.374e-2 essian_qp_elapsed=0.002 accepted_step_inf=2.315e-2 loglik=1.410992e2 accepted_ δ ∞=2.315e-2 essian_qp_elapsed=0.002 accepted_step_inf=2.435e-5 loglik=1.410992e2 accepted_ δ ∞=2.435e-5 essian_qp_elapsed=0.001 essian_qp_elapsed=0.002 accepted_step_inf=2.330e-1 loglik=1.410808e2 accepted_ δ ∞=2.330e-1 essian_qp_elapsed=0.001 accepted_step_inf=5.374e-2 essian_qp_elapsed=0.002 accepted_step_inf=2.315e-2 loglik=1.410992e2 accepted_ δ ∞=2.315e-2 essian_qp_elapsed=0.002 accepted_step_inf=2.435e-5 loglik=1.410992e2 accepted_ δ ∞=2.435e-5 essian_qp_elapsed=0.002 essian_qp_elapsed=0.002 accepted_step_inf=2.309e1 loglik=2.288462e2 accepted_ δ ∞=2.309e1 essian_qp_elapsed=0.001 accepted_step_inf=5.029e0 essian_qp_elapsed=0.001 accepted_step_inf=2.849e0 essian_qp_elapsed=0.001 accepted_step_inf=5.375e-1 essian_qp_elapsed=0.001 accepted_step_inf=6.449e-2 essian_qp_elapsed=0.001 accepted_step_inf=7.453e-4 essian_qp_elapsed=0.001 accepted_step_inf=3.372e-5 essian_qp_elapsed=0.002 accepted_step_inf=1.998e-6 loglik=1.887011e2 accepted_ δ ∞=1.998e-6 essian_qp_elapsed=0.002 essian_qp_elapsed=0.002 accepted_step_inf=2.298e1 loglik=2.164618e2 accepted_ δ ∞=2.298e1 essian_qp_elapsed=0.001 accepted_step_inf=7.104e0 essian_qp_elapsed=0.001 accepted_step_inf=7.618e0 essian_qp_elapsed=0.001 accepted_step_inf=4.830e0 essian_qp_elapsed=0.001 accepted_step_inf=1.801e0 essian_qp_elapsed=0.001 accepted_step_inf=2.369e-1 essian_qp_elapsed=0.001 accepted_step_inf=3.811e-3 essian_qp_elapsed=0.001 accepted_step_inf=1.317e-4 essian_qp_elapsed=0.001 accepted_step_inf=2.536e-6 essian_qp_elapsed=0.002 accepted_step_inf=3.540e-7 loglik=1.650484e2 accepted_ δ ∞=3.540e-7 essian_qp_elapsed=0.002 essian_qp_elapsed=0.002 accepted_step_inf=2.327e1 loglik=2.836603e2 accepted_ δ ∞=2.327e1 essian_qp_elapsed=0.001 accepted_step_inf=1.296e-1 essian_qp_elapsed=0.001 accepted_step_inf=9.087e-3 essian_qp_elapsed=0.001 accepted_step_inf=1.252e-4 essian_qp_elapsed=0.001 accepted_step_inf=2.153e-6 essian_qp_elapsed=0.002 accepted_step_inf=4.331e-8 loglik=2.823670e2 accepted_ δ ∞=4.331e-8 essian_qp_elapsed=0.002 essian_qp_elapsed=0.002 accepted_step_inf=2.316e1 loglik=2.398262e2 accepted_ δ ∞=2.316e1 essian_qp_elapsed=0.001 accepted_step_inf=2.909e0 essian_qp_elapsed=0.001 accepted_step_inf=9.797e-1 essian_qp_elapsed=0.001 accepted_step_inf=3.216e-2 essian_qp_elapsed=0.001 accepted_step_inf=1.000e-3 essian_qp_elapsed=0.001 accepted_step_inf=7.126e-5 essian_qp_elapsed=0.001 accepted_step_inf=4.920e-6 essian_qp_elapsed=0.002 accepted_step_inf=3.166e-7 loglik=2.145249e2 accepted_ δ ∞=3.166e-7 essian_qp_elapsed=0.002 essian_qp_elapsed=0.002 accepted_step_inf=2.330e-1 loglik=1.410808e2 accepted_ δ ∞=2.330e-1 essian_qp_elapsed=0.001 accepted_step_inf=5.374e-2 essian_qp_elapsed=0.002 accepted_step_inf=2.315e-2 loglik=1.410992e2 accepted_ δ ∞=2.315e-2 essian_qp_elapsed=0.001 accepted_step_inf=2.435e-5 loglik=1.410992e2 accepted_ δ ∞=2.435e-5 essian_qp_elapsed=0.001 essian_qp_elapsed=0.002 accepted_step_inf=2.330e-1 loglik=1.410808e2 accepted_ δ ∞=2.330e-1 essian_qp_elapsed=0.001 accepted_step_inf=5.374e-2 essian_qp_elapsed=0.002 accepted_step_inf=2.315e-2 loglik=1.410992e2 accepted_ δ ∞=2.315e-2 essian_qp_elapsed=0.001 accepted_step_inf=2.435e-5 loglik=1.410992e2 accepted_ δ ∞=2.435e-5 essian_qp_elapsed=0.002 essian_qp_elapsed=0.002 accepted_step_inf=2.330e-1 loglik=1.410808e2 accepted_ δ ∞=2.330e-1 essian_qp_elapsed=0.001 accepted_step_inf=5.374e-2 essian_qp_elapsed=0.002 accepted_step_inf=2.315e-2 loglik=1.410992e2 accepted_ δ ∞=2.315e-2 essian_qp_elapsed=0.001 accepted_step_inf=2.435e-5 loglik=1.410992e2 accepted_ δ ∞=2.435e-5 essian_qp_elapsed=0.002 essian_qp_elapsed=0.002 accepted_step_inf=2.330e-1 loglik=1.410808e2 accepted_ δ ∞=2.330e-1 essian_qp_elapsed=0.001 accepted_step_inf=5.374e-2 essian_qp_elapsed=0.002 accepted_step_inf=2.315e-2 loglik=1.410992e2 accepted_ δ ∞=2.315e-2 essian_qp_elapsed=0.002 accepted_step_inf=2.435e-5 loglik=1.410992e2 accepted_ δ ∞=2.435e-5 essian_qp_elapsed=0.002 rho_dimension=27 rmse=0.06613 rmse=0.07435 	
417	PASS	ok	misc::quality_vs_synthetic_frailty_hazard_multiplier_likelihood::lognormal_hazard_multiplier_kernel_recovers_frailty_variance	0	20	1	0	se_sigma=0.106329 loglik=-2909.733857 loglik_at_opt=-2909.733857 loglik=-2909.733857 	
418	PASS	ok	regressions::owed_1082_reml::poisson_fixture_sampler_has_the_declared_mean_and_variance	0	0	1	0		
419	PASS	ok	regressions::owed_1082_reml::poisson_tensor_te_recovers_true_mean_surface_not_oversmoothed_1373	0	5	1	0	edf=18.801 rmse_to_truth=0.0721 	
420	PASS	ok	regressions::perf_1082_outer_loop_repro::negbin_te_2d_outer_loop_converges_in_budget_1082	0	16	1	0		
421	PASS	ok	smooths::quality_vs_inla_tensor_product_spde::gam_tensor_product_predicts_held_out_pc1_better_than_inla_spde	0	6	1	0	R2=0.8737 rmse=0.73937 rmse=0.70544 edf=32.194 rel_l2=0.0630 pearson=0.99283 	
422	PASS	ok	smooths::quality_vs_mgcv_gaulss_tensor::gam_gaulss_tensor_product_matches_mgcv	0	4	1	0		
423	PASS	ok	smooths::quality_vs_mgcv_nottem_cyclic::gam_cyclic_predicts_nottem_seasonal_cycle_vs_mgcv	0	2	1	0	R2_avg=0.9237 	
424	PASS	ok	smooths::quality_vs_mgcv_tensor_te_2d_negbin::gam_tensor_te_2d_negbin_matches_mgcv	0	3	1	0	edf=7.683 	
425	TIMEOUT	per_test_bound	smooths::quality_vs_mgcv_tensor_te_2d_negbin::gam_tensor_te_2d_negbin_matches_mgcv_on_real_data	124	360	0	0		exceeded the 360s per-case bound from .config/nextest.toml
426	PASS	ok	smooths::quality_vs_mgcv_torus_tensor_cc_cc::gam_torus_tensor_cc_cc_recovers_truth_and_wraps_at_both_seams	0	5	1	0	edf=139.341 edf=117.862 rmse_to_truth=0.02941 rmse_to_truth=0.02739 rel_l2_gam_vs_mgcv=0.02083 seam_gap=0.000e0 seam_gap=0.000e0 	
427	PASS	ok	smooths::quality_vs_mgcv_torus_tensor_cc_cc::gam_torus_tensor_cc_cc_recovers_truth_and_wraps_at_both_seams_on_real_data	0	2	1	0	edf=51.948 edf=43.225 R2=0.9517 rmse=0.2787 rmse=0.2579 	
428	PASS	ok	smooths::quality_vs_pygam_pspline::gam_pspline_held_out_accuracy_beats_pygam_on_lidar	0	1	1	0	r2=0.9325 rmse=0.0706 rmse=0.0709 rel_l2_vs_pygam=0.0056 	
429	PASS	ok	smooths::quality_vs_pygam_pspline::gam_pspline_held_out_accuracy_beats_pygam_on_lidar_on_real_data	0	1	1	0	r2=-0.4722 rmse=0.1113 rmse=0.1173 rel_l2_vs_pygam=0.0330 	
430	METRIC_OFF	quality_metric	survival::quality_vs_lifelines_competing_risks_cif::gam_competing_risks_cif_matches_lifelines_aalen_johansen_on_cirrhosis	101	1	0	1		thread 'survival::quality_vs_lifelines_competing_risks_cif::gam_competing_risks_cif_matches_lifelines_aalen_johansen_on_cirrhosis' (64158) panicked at tests/quality_1082/../quality/survival/quality_vs_lifelines_competing_risks_cif.rs:515:5: :: gam death CIF IPCW Brier 0.21264 fails absolute bar 0.20 (null=0.36597)
431	PASS	ok	survival::quality_vs_lifelines_cox_like_marginal::gam_marginal_slope_heldout_concordance_matches_or_beats_lifelines_coxph	0	15	1	0	concordance=0.7036405005688282 concordance=0.7150170648464164 	
